Filename,Path,Size (Bytes),System_Created,SHA-256,EXIF_Data
EV053_WaterBoards_Petition_A2926_2026-08-07.md,/data/data/com.termux/files/home/osintneoai/evidence/EV053_WaterBoards_Petition_A2926_2026-08-07.md,1641,2026-08-08 17:25:56,9bd36f7345fa7472dfaecae99c0a7c83ac9ebcd18d06b1ec1a6fc59c96346987,Install Pillow (pip install Pillow) for EXIF extraction
EVIDENCE_INDEX.md,/data/data/com.termux/files/home/osintneoai/evidence/EVIDENCE_INDEX.md,27386,2026-08-08 17:25:56,29d678e09969e3b54d20dd5d407b89f7ddabfb73056cd3f9a66313c9811d8c88,Install Pillow (pip install Pillow) for EXIF extraction
EVIDENCE_INDEX_CLEAN.md,/data/data/com.termux/files/home/osintneoai/evidence/EVIDENCE_INDEX_CLEAN.md,26770,2026-08-08 17:25:56,941591b68333ce7f6daa19feff64bfeaa36a12027d58fded751d3476aa2f86d4,Install Pillow (pip install Pillow) for EXIF extraction
FORENSIC_ANALYSIS_DIMARCELLO_RICO_2021-2026.md,/data/data/com.termux/files/home/osintneoai/evidence/FORENSIC_ANALYSIS_DIMARCELLO_RICO_2021-2026.md,38701,2026-08-08 17:25:56,c68534cd1c6d94e3f4e6eb4edf685234ede9cc24ca6e4f068b9a3420f070bf85,Install Pillow (pip install Pillow) for EXIF extraction
GMAIL_OUTREACH_FORENSICS_MASTER_REPORT.md,/data/data/com.termux/files/home/osintneoai/evidence/GMAIL_OUTREACH_FORENSICS_MASTER_REPORT.md,12824,2026-08-08 17:25:56,f6698eb970271778dc772559af007390d7bd627bcf29f924ffd6a500eb4cbb56,Install Pillow (pip install Pillow) for EXIF extraction
IDENTITY_THEFT_DEEP_RESEARCH.md,/data/data/com.termux/files/home/osintneoai/evidence/IDENTITY_THEFT_DEEP_RESEARCH.md,24726,2026-08-08 17:25:56,586af8928f5f4bd464637fd479f1712033ad030374f0a0d8d728e5da1f97b6eb,Install Pillow (pip install Pillow) for EXIF extraction
MANIFEST.md,/data/data/com.termux/files/home/osintneoai/evidence/MANIFEST.md,1204,2026-08-08 17:25:56,029f349d1da0d75395c665bbf33433a5812439d32c5fc1c523529af81d6439f2,Install Pillow (pip install Pillow) for EXIF extraction
NEW_EVIDENCE_EV048_EV051_2026-08-07.md,/data/data/com.termux/files/home/osintneoai/evidence/NEW_EVIDENCE_EV048_EV051_2026-08-07.md,4661,2026-08-08 17:25:56,f82f20fcdd9299ed67f8209c47598e17f15fa377cf3cf21c5dbefdecf23b27b5,Install Pillow (pip install Pillow) for EXIF extraction
NEW_INTEL_ANTHONY_JULY_24_2026.md,/data/data/com.termux/files/home/osintneoai/evidence/NEW_INTEL_ANTHONY_JULY_24_2026.md,14192,2026-08-08 17:25:56,3eec7751600f566d1993e8a9516bd907c2b1178a6923d67387404aabacb54fc5,Install Pillow (pip install Pillow) for EXIF extraction
OPEN_HERE.html,/data/data/com.termux/files/home/osintneoai/evidence/OPEN_HERE.html,2748,2026-08-08 17:25:56,fe61df9a6ed7ba7829f82dcb11ba79b9fb6153642f121a1586584f6239235814,Install Pillow (pip install Pillow) for EXIF extraction
TUCSON_WEST_HOLLYWOOD_VERMA_NODE.md,/data/data/com.termux/files/home/osintneoai/evidence/TUCSON_WEST_HOLLYWOOD_VERMA_NODE.md,12584,2026-08-08 17:25:56,41d20a276fb9537db85f41c53fe7a3027e3ecc4d4fdd9a85bee11a63e4f9f395,Install Pillow (pip install Pillow) for EXIF extraction
VISUALIZATION_PROMPT.md,/data/data/com.termux/files/home/osintneoai/evidence/VISUALIZATION_PROMPT.md,9090,2026-08-08 17:25:56,e84531e35fe091d9401ece1302d72e3c7570589b3b814f7deda704cb90fa9f8a,Install Pillow (pip install Pillow) for EXIF extraction
andrewfalk.png,/data/data/com.termux/files/home/osintneoai/evidence/andrewfalk.png,591599,2026-08-08 17:25:56,7e484739c0c9b34ee707b6e70b13e5b64d96848ef058066b6bda6d3a27feba5a,Install Pillow (pip install Pillow) for EXIF extraction
fs.pdf,/data/data/com.termux/files/home/osintneoai/evidence/fs.pdf,6210,2026-08-08 17:25:56,69a27ad43147daf75356d7895e7fbd38d59e3193d84b8a957465855ee428856f,Install Pillow (pip install Pillow) for EXIF extraction
advancedrealestate.com.txt,/data/data/com.termux/files/home/osintneoai/evidence/dns/advancedrealestate.com.txt,3077,2026-08-08 17:25:56,bd8b7d258c9b8c14e6281e0fe9f86a0ccb0f62115bb02858acad9356ee2fb806,Install Pillow (pip install Pillow) for EXIF extraction
anaheim.net.txt,/data/data/com.termux/files/home/osintneoai/evidence/dns/anaheim.net.txt,3971,2026-08-08 17:25:56,498da0fcb198d22a97cf22404f25f5c36eea821b139c1a2b7f52f1de6288680b,Install Pillow (pip install Pillow) for EXIF extraction
anaheimpd.org.txt,/data/data/com.termux/files/home/osintneoai/evidence/dns/anaheimpd.org.txt,2221,2026-08-08 17:25:56,e6c09b4e355b0407c76edd7ee1fad46714b68b65cbe18643c813f0e3b8a9cecb,Install Pillow (pip install Pillow) for EXIF extraction
apcommunities.com.txt,/data/data/com.termux/files/home/osintneoai/evidence/dns/apcommunities.com.txt,2927,2026-08-08 17:25:56,ad56c325f8a45f09f458cef372103dcd390241bbcb8c260a60b3a6035a1eb7cf,Install Pillow (pip install Pillow) for EXIF extraction
atlanticpacific.com.txt,/data/data/com.termux/files/home/osintneoai/evidence/dns/atlanticpacific.com.txt,2644,2026-08-08 17:25:56,108e2e821ac0683080959a0a37a5d364e6bb4d8c89aa72deee44a98fe0e4e2cb,Install Pillow (pip install Pillow) for EXIF extraction
atlanticpacificcommunities.com.txt,/data/data/com.termux/files/home/osintneoai/evidence/dns/atlanticpacificcommunities.com.txt,2642,2026-08-08 17:25:56,9795025db3d896015af7d7a251d28505d0b3c866d55ff56f1906ea102a9aa16b,Install Pillow (pip install Pillow) for EXIF extraction
carlisledev.com.txt,/data/data/com.termux/files/home/osintneoai/evidence/dns/carlisledev.com.txt,2259,2026-08-08 17:25:56,672b900516893b18de18900fab2467c27609016ff16c0240bb3e9d1dd173ef3d,Install Pillow (pip install Pillow) for EXIF extraction
carlisledevelopment.com.txt,/data/data/com.termux/files/home/osintneoai/evidence/dns/carlisledevelopment.com.txt,3030,2026-08-08 17:25:56,b5e60fbdf7d83255226c23df843227014bbf6ce0c52ab44d007ea5e5cd829475,Install Pillow (pip install Pillow) for EXIF extraction
cityofhuntingtonbeach.com.txt,/data/data/com.termux/files/home/osintneoai/evidence/dns/cityofhuntingtonbeach.com.txt,2550,2026-08-08 17:25:56,6873833b8b1629cbbfc7dd07c5e9f9d76b8a375ea807606ff64ecd9b70cffba9,Install Pillow (pip install Pillow) for EXIF extraction
cookcountysheriff.org.txt,/data/data/com.termux/files/home/osintneoai/evidence/dns/cookcountysheriff.org.txt,3097,2026-08-08 17:25:56,f68646c1cec476cf429ca75af9b09cb6272922c132fd9af878a8d007556581dc,Install Pillow (pip install Pillow) for EXIF extraction
covenanthouseca.org.txt,/data/data/com.termux/files/home/osintneoai/evidence/dns/covenanthouseca.org.txt,2828,2026-08-08 17:25:56,19e27c6dea69a44e93e441638b972647d8361a0eb11810ce52b755f6094b325a,Install Pillow (pip install Pillow) for EXIF extraction
hbpd.org.txt,/data/data/com.termux/files/home/osintneoai/evidence/dns/hbpd.org.txt,3938,2026-08-08 17:25:56,866e1c5a8b4e621aef7e84de56ec47e325e9c2674560d61161d29b74c015823f,Install Pillow (pip install Pillow) for EXIF extraction
illuminationfoundation.org.txt,/data/data/com.termux/files/home/osintneoai/evidence/dns/illuminationfoundation.org.txt,2336,2026-08-08 17:25:56,a3af88fce9e47c5a284fc7852ba869c2bf988a9c3852b0f86146bcd1dec29e94,Install Pillow (pip install Pillow) for EXIF extraction
l2tmedia.com.txt,/data/data/com.termux/files/home/osintneoai/evidence/dns/l2tmedia.com.txt,3372,2026-08-08 17:25:56,27c8d423de7b2ed04a3a267ea718fd9f83d2cc6ef9faf96ebbf70f021efa0b6d,Install Pillow (pip install Pillow) for EXIF extraction
lacounty.gov.txt,/data/data/com.termux/files/home/osintneoai/evidence/dns/lacounty.gov.txt,5120,2026-08-08 17:25:56,361812e6a750cdae6feca7a68eb826a9ef1e8e49a1a5bfc04582292655c4d2fa,Install Pillow (pip install Pillow) for EXIF extraction
libertycare.com.txt,/data/data/com.termux/files/home/osintneoai/evidence/dns/libertycare.com.txt,2599,2026-08-08 17:25:56,1d1b13e1715dedad9e038e8ca4547309046e1006f4cbdc5327f6242fee1fcc63,Install Pillow (pip install Pillow) for EXIF extraction
libertycare.org.txt,/data/data/com.termux/files/home/osintneoai/evidence/dns/libertycare.org.txt,2825,2026-08-08 17:25:56,9a670fa13e35da94b71f7249647035f9e827e5639f3d143f60ced82cb2119b37,Install Pillow (pip install Pillow) for EXIF extraction
libertyhomes.org.txt,/data/data/com.termux/files/home/osintneoai/evidence/dns/libertyhomes.org.txt,2614,2026-08-08 17:25:56,71a57cb328fa51588eaed634335996db9ef352a7d206c30a381459973f0865e3,Install Pillow (pip install Pillow) for EXIF extraction
libertyseniorliving.com.txt,/data/data/com.termux/files/home/osintneoai/evidence/dns/libertyseniorliving.com.txt,3368,2026-08-08 17:25:56,7af6f04e27ce74dd7a9dc789ca7cd187937b44096b4bb78f3adbf3673cfb6420,Install Pillow (pip install Pillow) for EXIF extraction
lvmpd.com.txt,/data/data/com.termux/files/home/osintneoai/evidence/dns/lvmpd.com.txt,3501,2026-08-08 17:25:56,aec8d5e2767c5a679f64cd5ce4cc965f149a0e4c6b601ebbb017cebafb9d6e10,Install Pillow (pip install Pillow) for EXIF extraction
mercyhouse.org.txt,/data/data/com.termux/files/home/osintneoai/evidence/dns/mercyhouse.org.txt,2941,2026-08-08 17:25:56,f9d2666ca70eec9f406063409b1d8ea2e8aea06c5d2b7b799f22a7726428715e,Install Pillow (pip install Pillow) for EXIF extraction
ocgov.com.txt,/data/data/com.termux/files/home/osintneoai/evidence/dns/ocgov.com.txt,4146,2026-08-08 17:25:56,272801b4217bd0aec8dc7542fab919b5493c2beb7a8f067dd6fe96c301382963,Install Pillow (pip install Pillow) for EXIF extraction
pimasheriff.org.txt,/data/data/com.termux/files/home/osintneoai/evidence/dns/pimasheriff.org.txt,3154,2026-08-08 17:25:56,cab4ea5ef34c33645c5384645ed888bcdace8ae36015fac456bd79d0c449ed8d,Install Pillow (pip install Pillow) for EXIF extraction
raipartners.com.txt,/data/data/com.termux/files/home/osintneoai/evidence/dns/raipartners.com.txt,3565,2026-08-08 17:25:56,e191d16c40cd714002dc5dd5db8159d776726bea9e2fd7318f23dcbc068797a7,Install Pillow (pip install Pillow) for EXIF extraction
rbabuilders.com.txt,/data/data/com.termux/files/home/osintneoai/evidence/dns/rbabuilders.com.txt,2549,2026-08-08 17:25:56,9d6f021ac9e4eea1442601d29ab8dd54bec768a2117749d1283f199fad1d1b23,Install Pillow (pip install Pillow) for EXIF extraction
shelbycountytn.gov.txt,/data/data/com.termux/files/home/osintneoai/evidence/dns/shelbycountytn.gov.txt,3246,2026-08-08 17:25:56,7eed527ef300d9cdd8d61fbc0e5ce95c5cfc18499a5ac6d365006beaef5e5627,Install Pillow (pip install Pillow) for EXIF extraction
starpointproperties.com.txt,/data/data/com.termux/files/home/osintneoai/evidence/dns/starpointproperties.com.txt,3302,2026-08-08 17:25:56,5cafae2e39c4bf75ea31c9a994c5c1aab50eb9adad373df2f52327f02a584388,Install Pillow (pip install Pillow) for EXIF extraction
stewartindustries.com.txt,/data/data/com.termux/files/home/osintneoai/evidence/dns/stewartindustries.com.txt,2736,2026-08-08 17:25:56,ff960185d8e6a9971de9ce71e62f2490a9260fb878f3e3c403971f9151163821,Install Pillow (pip install Pillow) for EXIF extraction
waymakers.org.txt,/data/data/com.termux/files/home/osintneoai/evidence/dns/waymakers.org.txt,2822,2026-08-08 17:25:56,2869dc1923bc97932816b477e349c1123888c75b215588b9a8fa01bd7c6f1c95,Install Pillow (pip install Pillow) for EXIF extraction
headers_advancedrealestate.com_.txt,/data/data/com.termux/files/home/osintneoai/evidence/endpoint_captures/headers_advancedrealestate.com_.txt,831,2026-08-08 17:25:56,d4922e1befb6c62c9029a8c08ef944d012879aeb43d5c234780a80f99483365f,Install Pillow (pip install Pillow) for EXIF extraction
headers_advancedrealestate.com_wp-admin.txt,/data/data/com.termux/files/home/osintneoai/evidence/endpoint_captures/headers_advancedrealestate.com_wp-admin.txt,140,2026-08-08 17:25:56,8c7de7fbba466723fd2a038528ad1baf14a289bcd87f4f56597f24c754f344b2,Install Pillow (pip install Pillow) for EXIF extraction
headers_anaheim.net_.txt,/data/data/com.termux/files/home/osintneoai/evidence/endpoint_captures/headers_anaheim.net_.txt,940,2026-08-08 17:25:56,80df8e079332c61d49e1e7be174ea34c2b00d0d4ef6f25049383ebfbfa1ebc7d,Install Pillow (pip install Pillow) for EXIF extraction
headers_anaheim.net_wp-admin.txt,/data/data/com.termux/files/home/osintneoai/evidence/endpoint_captures/headers_anaheim.net_wp-admin.txt,123,2026-08-08 17:25:56,a236459557aefc02eaf96b1706092de6584cc903163b81c04f4ed966ce533559,Install Pillow (pip install Pillow) for EXIF extraction
headers_anaheimpd.org_.txt,/data/data/com.termux/files/home/osintneoai/evidence/endpoint_captures/headers_anaheimpd.org_.txt,81,2026-08-08 17:25:56,a0a86433ebd5d431edb70b379d0aa5fdf06639b4206e78a7f4561f42d2e14722,Install Pillow (pip install Pillow) for EXIF extraction
headers_anaheimpd.org_wp-admin.txt,/data/data/com.termux/files/home/osintneoai/evidence/endpoint_captures/headers_anaheimpd.org_wp-admin.txt,89,2026-08-08 17:25:56,0b0018376f5cac11f7bdc532e07cdd00d6f44b8aeefe287d9977a30ef7ba2adc,Install Pillow (pip install Pillow) for EXIF extraction
headers_apcommunities.com_.txt,/data/data/com.termux/files/home/osintneoai/evidence/endpoint_captures/headers_apcommunities.com_.txt,85,2026-08-08 17:25:56,014e379e2e90b3de19c843b25bbcdb0b8f7e4d67a073208e1a2b5f532b8dfbfd,Install Pillow (pip install Pillow) for EXIF extraction
headers_apcommunities.com_wp-admin.txt,/data/data/com.termux/files/home/osintneoai/evidence/endpoint_captures/headers_apcommunities.com_wp-admin.txt,93,2026-08-08 17:25:56,fc5eb83b223acff3d4770f798367fea721f2c0b1f4eb9eab813ba9272ab3f00e,Install Pillow (pip install Pillow) for EXIF extraction
headers_atlanticpacific.com_.txt,/data/data/com.termux/files/home/osintneoai/evidence/endpoint_captures/headers_atlanticpacific.com_.txt,295,2026-08-08 17:25:56,1ed37650d3376eeeb5e2b601263fddf631f3be93eb2749e6da865343f44bf8a1,Install Pillow (pip install Pillow) for EXIF extraction
headers_atlanticpacific.com_wp-admin.txt,/data/data/com.termux/files/home/osintneoai/evidence/endpoint_captures/headers_atlanticpacific.com_wp-admin.txt,137,2026-08-08 17:25:56,5d5a3a111fbfeb2aa8465af528a36c47f36ad81528771ec7c2ea274c555059f9,Install Pillow (pip install Pillow) for EXIF extraction
headers_atlanticpacificcommunities.com_.txt,/data/data/com.termux/files/home/osintneoai/evidence/endpoint_captures/headers_atlanticpacificcommunities.com_.txt,188,2026-08-08 17:25:56,680d703afce53084e1f2d2b1cc7719f47daab728986a31a9089256a03f043abe,Install Pillow (pip install Pillow) for EXIF extraction
headers_atlanticpacificcommunities.com_wp-admin.txt,/data/data/com.termux/files/home/osintneoai/evidence/endpoint_captures/headers_atlanticpacificcommunities.com_wp-admin.txt,196,2026-08-08 17:25:56,a0bf66a024d53538c641f9faafd41873a09bbf8aa0655544b3fa67f6f8adeb05,Install Pillow (pip install Pillow) for EXIF extraction
headers_carlisledev.com_.txt,/data/data/com.termux/files/home/osintneoai/evidence/endpoint_captures/headers_carlisledev.com_.txt,173,2026-08-08 17:25:56,fa0203d7317d2fb5454b0e37b1d53c19c83efc376e67f60dd4d858724bbe4cb9,Install Pillow (pip install Pillow) for EXIF extraction
headers_carlisledev.com_admin.txt,/data/data/com.termux/files/home/osintneoai/evidence/endpoint_captures/headers_carlisledev.com_admin.txt,178,2026-08-08 17:25:56,3d3ca9cceebb8b549aa081f0fa9931a934f2559f3349c7adb55dc23403711d13,Install Pillow (pip install Pillow) for EXIF extraction
headers_carlisledev.com_wp-admin.txt,/data/data/com.termux/files/home/osintneoai/evidence/endpoint_captures/headers_carlisledev.com_wp-admin.txt,181,2026-08-08 17:25:56,18a413a4931731905b3c299db58b590fd92fd24365519057ec813692d06b26bc,Install Pillow (pip install Pillow) for EXIF extraction
headers_carlisledevelopment.com_.txt,/data/data/com.termux/files/home/osintneoai/evidence/endpoint_captures/headers_carlisledevelopment.com_.txt,639,2026-08-08 17:25:56,fbb11afef713896e2bbcd59a34bd63411caa61c2012a6cf9084f43430217280f,Install Pillow (pip install Pillow) for EXIF extraction
headers_carlisledevelopment.com_wp-admin.txt,/data/data/com.termux/files/home/osintneoai/evidence/endpoint_captures/headers_carlisledevelopment.com_wp-admin.txt,99,2026-08-08 17:25:56,e27bd3ee60ae955338059ce9fdeaa8a7ed7ad2b39902357caf78dae59c2b2714,Install Pillow (pip install Pillow) for EXIF extraction
headers_cityofhuntingtonbeach.com_.txt,/data/data/com.termux/files/home/osintneoai/evidence/endpoint_captures/headers_cityofhuntingtonbeach.com_.txt,93,2026-08-08 17:25:56,b55e050af254adf15038eb5314529b4c3b1e309923411cbac7b0f07ea5c0d2c0,Install Pillow (pip install Pillow) for EXIF extraction
headers_cityofhuntingtonbeach.com_wp-admin.txt,/data/data/com.termux/files/home/osintneoai/evidence/endpoint_captures/headers_cityofhuntingtonbeach.com_wp-admin.txt,101,2026-08-08 17:25:56,7d70bfd45b9b9ee080b460310b3d1445a33cc10bbc3a6c2cd0b9cf36bd436cb7,Install Pillow (pip install Pillow) for EXIF extraction
headers_cookcountysheriff.org_.txt,/data/data/com.termux/files/home/osintneoai/evidence/endpoint_captures/headers_cookcountysheriff.org_.txt,1586,2026-08-08 17:25:56,361a9239462346f3814c6d009f85b6e5ea3fabe38fc348cc9c35904ed8b672f9,Install Pillow (pip install Pillow) for EXIF extraction
headers_cookcountysheriff.org_wp-admin.txt,/data/data/com.termux/files/home/osintneoai/evidence/endpoint_captures/headers_cookcountysheriff.org_wp-admin.txt,139,2026-08-08 17:25:56,c18104585f85f2c7db244840fd2d44d73e01de6869d72788c76c3d36114c92e0,Install Pillow (pip install Pillow) for EXIF extraction
headers_covenanthouseca.org_.txt,/data/data/com.termux/files/home/osintneoai/evidence/endpoint_captures/headers_covenanthouseca.org_.txt,167,2026-08-08 17:25:56,d24051a1aa7a4719912ab9073488a29294e47fc482bb41924e7cc75eac2a04ec,Install Pillow (pip install Pillow) for EXIF extraction
headers_covenanthouseca.org_wp-admin.txt,/data/data/com.termux/files/home/osintneoai/evidence/endpoint_captures/headers_covenanthouseca.org_wp-admin.txt,175,2026-08-08 17:25:56,7955e113c63f84ec939af54c6988bfb27c4747f68eae7b69e33bb7f5ca3e14ee,Install Pillow (pip install Pillow) for EXIF extraction
headers_hbpd.org_.txt,/data/data/com.termux/files/home/osintneoai/evidence/endpoint_captures/headers_hbpd.org_.txt,1315,2026-08-08 17:25:56,1dcee51967da1953e5c457c8f217c7afe41569d821dc1966136bfb17d9706f92,Install Pillow (pip install Pillow) for EXIF extraction
headers_hbpd.org_wp-admin.txt,/data/data/com.termux/files/home/osintneoai/evidence/endpoint_captures/headers_hbpd.org_wp-admin.txt,126,2026-08-08 17:25:56,1f903f23a22be3fd508540f6ef34da6a05f4986fa5e802856abc062b01776c92,Install Pillow (pip install Pillow) for EXIF extraction
headers_illuminationfoundation.org_.txt,/data/data/com.termux/files/home/osintneoai/evidence/endpoint_captures/headers_illuminationfoundation.org_.txt,184,2026-08-08 17:25:56,8340618e1162fa819a6822a87ec116b7ae8aee89191613020a8caedc4cae8a83,Install Pillow (pip install Pillow) for EXIF extraction
headers_illuminationfoundation.org_wp-admin.txt,/data/data/com.termux/files/home/osintneoai/evidence/endpoint_captures/headers_illuminationfoundation.org_wp-admin.txt,192,2026-08-08 17:25:56,4cfc7ac342f27d4eca6c82f9ffb01450c91262cb4a0046bc2c5695b3edc171ec,Install Pillow (pip install Pillow) for EXIF extraction
headers_l2tmedia.com_.txt,/data/data/com.termux/files/home/osintneoai/evidence/endpoint_captures/headers_l2tmedia.com_.txt,1066,2026-08-08 17:25:56,1004557941d9b0a028e60202b5f69baa6091933466b8894aabee4bcbb39f695d,Install Pillow (pip install Pillow) for EXIF extraction
headers_l2tmedia.com_wp-admin.txt,/data/data/com.termux/files/home/osintneoai/evidence/endpoint_captures/headers_l2tmedia.com_wp-admin.txt,2696,2026-08-08 17:25:56,b7f7aa4ca419202091b92a03f293434b21213290d1fbf86d4678db640313d60b,Install Pillow (pip install Pillow) for EXIF extraction
headers_lacounty.gov_.txt,/data/data/com.termux/files/home/osintneoai/evidence/endpoint_captures/headers_lacounty.gov_.txt,682,2026-08-08 17:25:56,4dea7118541ce774c2ef55bf002833184a21faf5559111c31bc4cbbd3619bc91,Install Pillow (pip install Pillow) for EXIF extraction
headers_lacounty.gov_wp-admin.txt,/data/data/com.termux/files/home/osintneoai/evidence/endpoint_captures/headers_lacounty.gov_wp-admin.txt,131,2026-08-08 17:25:56,1abaabf450fe6e9d10bad450db1b163a12665239f641d231c93c3450a770ca4e,Install Pillow (pip install Pillow) for EXIF extraction
headers_libertycare.com_.txt,/data/data/com.termux/files/home/osintneoai/evidence/endpoint_captures/headers_libertycare.com_.txt,173,2026-08-08 17:25:56,e4e1ba0ffa08f67d1b931ca7485f2192c03b4c484871af3b7db5547712a9b5ba,Install Pillow (pip install Pillow) for EXIF extraction
headers_libertycare.com_admin.txt,/data/data/com.termux/files/home/osintneoai/evidence/endpoint_captures/headers_libertycare.com_admin.txt,178,2026-08-08 17:25:56,f6f537a448625ec1b756a5040859b41a3abc37f2b977af752928f411ef8ccb89,Install Pillow (pip install Pillow) for EXIF extraction
headers_libertycare.com_wp-admin.txt,/data/data/com.termux/files/home/osintneoai/evidence/endpoint_captures/headers_libertycare.com_wp-admin.txt,181,2026-08-08 17:25:56,883de602b2777f987baa174886ec53c91d8a36c2a11d8b49c628371f8da95abf,Install Pillow (pip install Pillow) for EXIF extraction
headers_libertycare.org_.txt,/data/data/com.termux/files/home/osintneoai/evidence/endpoint_captures/headers_libertycare.org_.txt,173,2026-08-08 17:25:56,45d5b115fb50fbfc1e32a7a5d4115f577a55323539557e995c88d1da9ddf9b59,Install Pillow (pip install Pillow) for EXIF extraction
headers_libertycare.org_admin.txt,/data/data/com.termux/files/home/osintneoai/evidence/endpoint_captures/headers_libertycare.org_admin.txt,178,2026-08-08 17:25:56,ec15dd8d4ec314a0bba63c468dfb7fe603f430b81f90140f49a1da793e15fc29,Install Pillow (pip install Pillow) for EXIF extraction
headers_libertycare.org_wp-admin.txt,/data/data/com.termux/files/home/osintneoai/evidence/endpoint_captures/headers_libertycare.org_wp-admin.txt,181,2026-08-08 17:25:56,fe5ce15023eb69e806c6ac9a7979bb331e86b7e506a821611fa6cd9a6a116d92,Install Pillow (pip install Pillow) for EXIF extraction
headers_libertyhomes.org_.txt,/data/data/com.termux/files/home/osintneoai/evidence/endpoint_captures/headers_libertyhomes.org_.txt,174,2026-08-08 17:25:56,b02766a6380f97c90f996cfa878ab56f472f17f15e6a765ba89712a9c49ba390,Install Pillow (pip install Pillow) for EXIF extraction
headers_libertyhomes.org_admin.txt,/data/data/com.termux/files/home/osintneoai/evidence/endpoint_captures/headers_libertyhomes.org_admin.txt,179,2026-08-08 17:25:56,93336128923f439e29823707566c649733f6b55402ce0f02fcea6a7df78937b5,Install Pillow (pip install Pillow) for EXIF extraction
headers_lvmpd.com_.txt,/data/data/com.termux/files/home/osintneoai/evidence/endpoint_captures/headers_lvmpd.com_.txt,126,2026-08-08 17:25:56,e8fba9f91a6fbaffacc48614d47e73ad7d33eca412a71c319bb4d6f7b0ea7194,Install Pillow (pip install Pillow) for EXIF extraction
headers_libertyhomes.org_wp-admin.txt,/data/data/com.termux/files/home/osintneoai/evidence/endpoint_captures/headers_libertyhomes.org_wp-admin.txt,182,2026-08-08 17:25:56,8a7d2f46fccab6fff1fdca126bd6b662c4562c52a8360a54964d6552c189dc83,Install Pillow (pip install Pillow) for EXIF extraction
headers_libertyseniorliving.com_.txt,/data/data/com.termux/files/home/osintneoai/evidence/endpoint_captures/headers_libertyseniorliving.com_.txt,1007,2026-08-08 17:25:56,15f6dd22ece3d6a5311b53f857d70debf3f683f5003009b6d4058811b42f9dfc,Install Pillow (pip install Pillow) for EXIF extraction
headers_libertyseniorliving.com_admin.txt,/data/data/com.termux/files/home/osintneoai/evidence/endpoint_captures/headers_libertyseniorliving.com_admin.txt,2655,2026-08-08 17:25:56,c402b6425208b34fa5c6cf3ce3ab5d0d7e1991bee5500f93e9fac719615a4cad,Install Pillow (pip install Pillow) for EXIF extraction
headers_libertyseniorliving.com_wp-admin.txt,/data/data/com.termux/files/home/osintneoai/evidence/endpoint_captures/headers_libertyseniorliving.com_wp-admin.txt,2658,2026-08-08 17:25:56,b81b81c99db7cb58999f8f8c6ce2333fb1908d0abda38c553776f00e6c5d972b,Install Pillow (pip install Pillow) for EXIF extraction
headers_libertyseniorliving.com_wp-login.php.txt,/data/data/com.termux/files/home/osintneoai/evidence/endpoint_captures/headers_libertyseniorliving.com_wp-login.php.txt,824,2026-08-08 17:25:56,7201ca02cff404ef3d16a3bb60d0e6841b0a79a0a7d598273c71a9f5187d86ff,Install Pillow (pip install Pillow) for EXIF extraction
headers_lvmpd.com_wp-admin.txt,/data/data/com.termux/files/home/osintneoai/evidence/endpoint_captures/headers_lvmpd.com_wp-admin.txt,134,2026-08-08 17:25:56,ff41fa170588acdf136b37dc8811d5bce0cf22d718af471023e53115661bac07,Install Pillow (pip install Pillow) for EXIF extraction
headers_mercyhouse.org_.txt,/data/data/com.termux/files/home/osintneoai/evidence/endpoint_captures/headers_mercyhouse.org_.txt,109,2026-08-08 17:25:56,06d5bb640481468055e645dfccdead8c854dac153c54b803d0eb163b74737ad8,Install Pillow (pip install Pillow) for EXIF extraction
headers_mercyhouse.org_wp-admin.txt,/data/data/com.termux/files/home/osintneoai/evidence/endpoint_captures/headers_mercyhouse.org_wp-admin.txt,117,2026-08-08 17:25:56,e133b0c1deaf97ad4f24c2f0796fa6b5a123b1c3606563574df7bfbb1f24ad79,Install Pillow (pip install Pillow) for EXIF extraction
headers_ocgov.com_.txt,/data/data/com.termux/files/home/osintneoai/evidence/endpoint_captures/headers_ocgov.com_.txt,807,2026-08-08 17:25:56,87da5e8ba03957be498c8d857cd5b17b3336df83e0c3e470c80fe1c33d722422,Install Pillow (pip install Pillow) for EXIF extraction
headers_ocgov.com_wp-admin.txt,/data/data/com.termux/files/home/osintneoai/evidence/endpoint_captures/headers_ocgov.com_wp-admin.txt,127,2026-08-08 17:25:56,e7267269651435f271b8323733977cf1548766d8f0023c13ec8201a9289e51d3,Install Pillow (pip install Pillow) for EXIF extraction
headers_pimasheriff.org_.txt,/data/data/com.termux/files/home/osintneoai/evidence/endpoint_captures/headers_pimasheriff.org_.txt,907,2026-08-08 17:25:56,00a5a72facac3cd5f25c0e0337e09e96111deaebef61120c11b1bf73b752f10b,Install Pillow (pip install Pillow) for EXIF extraction
headers_pimasheriff.org_wp-admin.txt,/data/data/com.termux/files/home/osintneoai/evidence/endpoint_captures/headers_pimasheriff.org_wp-admin.txt,133,2026-08-08 17:25:56,53153414650be80fee6ffe0dc34884a070e9f046241e12e44e2bb69640ceb6f7,Install Pillow (pip install Pillow) for EXIF extraction
headers_raipartners.com_.txt,/data/data/com.termux/files/home/osintneoai/evidence/endpoint_captures/headers_raipartners.com_.txt,126,2026-08-08 17:25:56,d96a2b233d10cb8d99646aede35a3b6b723f440e2804893e65f144e5e0bbee91,Install Pillow (pip install Pillow) for EXIF extraction
headers_raipartners.com_wp-admin.txt,/data/data/com.termux/files/home/osintneoai/evidence/endpoint_captures/headers_raipartners.com_wp-admin.txt,134,2026-08-08 17:25:56,0128e19a05f11312452229b21fa806c5cabb602523b2c05ea2544090f6abbbf9,Install Pillow (pip install Pillow) for EXIF extraction
headers_rbabuilders.com_.txt,/data/data/com.termux/files/home/osintneoai/evidence/endpoint_captures/headers_rbabuilders.com_.txt,173,2026-08-08 17:25:56,7476f290115610ac6adbb5f6eca2afa6272aa3729d3ee68e49b778ad4572dd1f,Install Pillow (pip install Pillow) for EXIF extraction
headers_rbabuilders.com_wp-admin.txt,/data/data/com.termux/files/home/osintneoai/evidence/endpoint_captures/headers_rbabuilders.com_wp-admin.txt,181,2026-08-08 17:25:56,91ec9ea156884f54f100261af85a2c01496566c0fcf0e15eecad9427b1ceb4d8,Install Pillow (pip install Pillow) for EXIF extraction
headers_shelbycountytn.gov_.txt,/data/data/com.termux/files/home/osintneoai/evidence/endpoint_captures/headers_shelbycountytn.gov_.txt,941,2026-08-08 17:25:56,fedc34fc8e0ec3ebade4ea2c01cc285251ce36862ce6886502e467e21b450736,Install Pillow (pip install Pillow) for EXIF extraction
headers_shelbycountytn.gov_wp-admin.txt,/data/data/com.termux/files/home/osintneoai/evidence/endpoint_captures/headers_shelbycountytn.gov_wp-admin.txt,130,2026-08-08 17:25:56,1fcbb662b2c1e3d8bf04913ddcd94fb65db5a40460460f9c2d456668f9fc6fea,Install Pillow (pip install Pillow) for EXIF extraction
headers_starpointproperties.com_.txt,/data/data/com.termux/files/home/osintneoai/evidence/endpoint_captures/headers_starpointproperties.com_.txt,1504,2026-08-08 17:25:56,96853b5e016a18aaccf03278314b7949c94410ec2d10a8acc0c69550e05ba7f5,Install Pillow (pip install Pillow) for EXIF extraction
headers_starpointproperties.com_wp-admin.txt,/data/data/com.termux/files/home/osintneoai/evidence/endpoint_captures/headers_starpointproperties.com_wp-admin.txt,141,2026-08-08 17:25:56,c591f50ac8e9882293f545334cb1c543ff81fd0eaa26d437a98abcd653cf1d6a,Install Pillow (pip install Pillow) for EXIF extraction
headers_stewartindustries.com_.txt,/data/data/com.termux/files/home/osintneoai/evidence/endpoint_captures/headers_stewartindustries.com_.txt,169,2026-08-08 17:25:56,b6997d90f0a11dd8790985fdaf189cc030f16c1296215d67816ba4d791283d50,Install Pillow (pip install Pillow) for EXIF extraction
headers_stewartindustries.com_wp-admin.txt,/data/data/com.termux/files/home/osintneoai/evidence/endpoint_captures/headers_stewartindustries.com_wp-admin.txt,177,2026-08-08 17:25:56,fb23d049eb5b36ced2ed6c3b0c69a13442bf9f34fb94e27cb6ea3fa7c1d045ce,Install Pillow (pip install Pillow) for EXIF extraction
headers_waymakers.org_.txt,/data/data/com.termux/files/home/osintneoai/evidence/endpoint_captures/headers_waymakers.org_.txt,450,2026-08-08 17:25:56,3525c55989c204e6902fdc25c1878d23aaad773ca9fc6d54be33c0e498ea7a89,Install Pillow (pip install Pillow) for EXIF extraction
headers_waymakers.org_wp-admin.txt,/data/data/com.termux/files/home/osintneoai/evidence/endpoint_captures/headers_waymakers.org_wp-admin.txt,2294,2026-08-08 17:25:56,529e9b96957f103b6d8d53c889a3a983806722a6f295a108e08028d632ed78cd,Install Pillow (pip install Pillow) for EXIF extraction
anaheim.net.txt,/data/data/com.termux/files/home/osintneoai/evidence/http_headers/anaheim.net.txt,462,2026-08-08 17:25:56,42fe5c97ee18ee8cde006ed988798cb397bf2abe8b32423f8570980fcec9cb5f,Install Pillow (pip install Pillow) for EXIF extraction
anaheimpd.org.txt,/data/data/com.termux/files/home/osintneoai/evidence/http_headers/anaheimpd.org.txt,463,2026-08-08 17:25:56,0c0fe2f414dde2c24d4b443f61a70371915a6ed0a3bcc62f6790cf7622ac8ea3,Install Pillow (pip install Pillow) for EXIF extraction
atlanticpacificcommunities.com.txt,/data/data/com.termux/files/home/osintneoai/evidence/http_headers/atlanticpacificcommunities.com.txt,170,2026-08-08 17:25:56,be44fc773844952ac815ea3a37122a8fcd62f6e0650dd169bbf93a1889b03edb,Install Pillow (pip install Pillow) for EXIF extraction
carlisledev.com.txt,/data/data/com.termux/files/home/osintneoai/evidence/http_headers/carlisledev.com.txt,155,2026-08-08 17:25:56,8278379b4f36942bffe06a12bd12c77b3750492a3197aae7ff5c54240a5d2a9a,Install Pillow (pip install Pillow) for EXIF extraction
hbpd.org.txt,/data/data/com.termux/files/home/osintneoai/evidence/http_headers/hbpd.org.txt,683,2026-08-08 17:25:56,456b28f0f898f9c7a0ffcac2afe9b543d3b7f3ac3844429e5cab04d9f0571b3b,Install Pillow (pip install Pillow) for EXIF extraction
illuminationfoundation.org.txt,/data/data/com.termux/files/home/osintneoai/evidence/http_headers/illuminationfoundation.org.txt,166,2026-08-08 17:25:56,374b3c1c302e9e7f830f982183c4f50546f5be8bbea3043bf0607213fe5166b7,Install Pillow (pip install Pillow) for EXIF extraction
lacounty.gov.txt,/data/data/com.termux/files/home/osintneoai/evidence/http_headers/lacounty.gov.txt,651,2026-08-08 17:25:56,1ae274c9615aac6e2a3dfa9d292c51cf2931350b3260764d8785ea4b35fda6f8,Install Pillow (pip install Pillow) for EXIF extraction
libertycare.com.txt,/data/data/com.termux/files/home/osintneoai/evidence/http_headers/libertycare.com.txt,155,2026-08-08 17:25:56,ff8fcb1af760b3ce493e8a7d11405d260b18e444d3f95678d60d2f7ce40b19ed,Install Pillow (pip install Pillow) for EXIF extraction
libertyhomes.org.txt,/data/data/com.termux/files/home/osintneoai/evidence/http_headers/libertyhomes.org.txt,156,2026-08-08 17:25:56,7c6ea6d1026ef0bf38003adba91e264c2b2e463b8c41d24ea63af56fd038d298,Install Pillow (pip install Pillow) for EXIF extraction
libertyseniorliving.com.txt,/data/data/com.termux/files/home/osintneoai/evidence/http_headers/libertyseniorliving.com.txt,701,2026-08-08 17:25:56,81fac0d55aa9c57818c437e7cb91177135b84b049c75130dec8f7040c428cc76,Install Pillow (pip install Pillow) for EXIF extraction
pimasheriff.org.txt,/data/data/com.termux/files/home/osintneoai/evidence/http_headers/pimasheriff.org.txt,900,2026-08-08 17:25:56,23cfb03f7ddf34deeb9e7e3fdcf7b311ab7e4d6a96a500d59a2c73a60b978ad7,Install Pillow (pip install Pillow) for EXIF extraction
rbabuilders.com.txt,/data/data/com.termux/files/home/osintneoai/evidence/http_headers/rbabuilders.com.txt,155,2026-08-08 17:25:56,0b3b9e682e22c373348df697f700bfe0847cc85324f0ceae8c898ed03b38c599,Install Pillow (pip install Pillow) for EXIF extraction
shelbycountytn.gov.txt,/data/data/com.termux/files/home/osintneoai/evidence/http_headers/shelbycountytn.gov.txt,476,2026-08-08 17:25:56,39bc904767378cef26057c6adcba92f7374dc683a72a06a9368debe323159a9b,Install Pillow (pip install Pillow) for EXIF extraction
anaheim.net.txt,/data/data/com.termux/files/home/osintneoai/evidence/port_scans/anaheim.net.txt,79,2026-08-08 17:25:56,528e7c64a88358f1ac42be7f48bd446447e91e52f37476b3ec32349b26e80af9,Install Pillow (pip install Pillow) for EXIF extraction
anaheimpd.org.txt,/data/data/com.termux/files/home/osintneoai/evidence/port_scans/anaheimpd.org.txt,81,2026-08-08 17:25:56,b9fdbc2bc397305c4313a6c88bac250482d33d2aeca8069906e83c99664d8ff3,Install Pillow (pip install Pillow) for EXIF extraction
atlanticpacificcommunities.com.txt,/data/data/com.termux/files/home/osintneoai/evidence/port_scans/atlanticpacificcommunities.com.txt,152,2026-08-08 17:25:56,9bd5d5e51b449bf1f6832f8b0ea807de4bdaf2c53d87c03ef6df86aea08f202b,Install Pillow (pip install Pillow) for EXIF extraction
carlisledev.com.txt,/data/data/com.termux/files/home/osintneoai/evidence/port_scans/carlisledev.com.txt,137,2026-08-08 17:25:56,bef38a24062d03425f180552747c8edefd985a416b57ec09efd32c2ab789e397,Install Pillow (pip install Pillow) for EXIF extraction
cookcountysheriff.org.txt,/data/data/com.termux/files/home/osintneoai/evidence/port_scans/cookcountysheriff.org.txt,121,2026-08-08 17:25:56,e2d250fc20b12fac9bbe5dd593fe1487de67ad972a77d3578144eab465bdd662,Install Pillow (pip install Pillow) for EXIF extraction
hbpd.org.txt,/data/data/com.termux/files/home/osintneoai/evidence/port_scans/hbpd.org.txt,76,2026-08-08 17:25:56,43cb0deb3d4d7a837ec73a43bd0e0a8d039cdbe52799cdee8605e56ddea18c86,Install Pillow (pip install Pillow) for EXIF extraction
illuminationfoundation.org.txt,/data/data/com.termux/files/home/osintneoai/evidence/port_scans/illuminationfoundation.org.txt,148,2026-08-08 17:25:56,ca7105a56889c41fa538b829227334e494d889a4be3fc27f3f98fa53d8ec67ec,Install Pillow (pip install Pillow) for EXIF extraction
l2tmedia.com.txt,/data/data/com.termux/files/home/osintneoai/evidence/port_scans/l2tmedia.com.txt,112,2026-08-08 17:25:56,9a04075fbd3cead692173a0c87ef138be258fc2d21d78c0d57022a75df64dca3,Install Pillow (pip install Pillow) for EXIF extraction
lacounty.gov.txt,/data/data/com.termux/files/home/osintneoai/evidence/port_scans/lacounty.gov.txt,318,2026-08-08 17:25:56,2e0bffe7682b98922c992772e8e79479850d2d1884a7472eee9d5172cceebb0b,Install Pillow (pip install Pillow) for EXIF extraction
libertyseniorliving.com.txt,/data/data/com.termux/files/home/osintneoai/evidence/port_scans/libertyseniorliving.com.txt,123,2026-08-08 17:25:56,8bc954df671ef96217c32b5df3ba6ddc4836bd9b43367144bbb4381a024fed33,Install Pillow (pip install Pillow) for EXIF extraction
pimasheriff.org.txt,/data/data/com.termux/files/home/osintneoai/evidence/port_scans/pimasheriff.org.txt,837,2026-08-08 17:25:56,81ae6dd3665321fe89e0ec0344b9f5e06b371fee299cb922e5754d71427f63f7,Install Pillow (pip install Pillow) for EXIF extraction
rbabuilders.com.txt,/data/data/com.termux/files/home/osintneoai/evidence/port_scans/rbabuilders.com.txt,137,2026-08-08 17:25:56,03f3f08bd545c137e6eea4bc6df09bbfc2f5bc0f679403a1655784c3630581f2,Install Pillow (pip install Pillow) for EXIF extraction
shelbycountytn.gov.txt,/data/data/com.termux/files/home/osintneoai/evidence/port_scans/shelbycountytn.gov.txt,86,2026-08-08 17:25:56,3baddb3c665876d23e26d63afc8652c36e7df035902eacc5df577155424b675e,Install Pillow (pip install Pillow) for EXIF extraction
tucsonaz.gov.txt,/data/data/com.termux/files/home/osintneoai/evidence/port_scans/tucsonaz.gov.txt,635,2026-08-08 17:25:56,30ce7708ed91e461440b9574c6f1509cb7e5403e308f737b3915dd069167ad62,Install Pillow (pip install Pillow) for EXIF extraction
anaheim.net.cer,/data/data/com.termux/files/home/osintneoai/evidence/ssl/anaheim.net.cer,853,2026-08-08 17:25:56,ed96645dc430751e537c3e87c57c25460b28ac1c791c98656a26fa2890a8d560,Install Pillow (pip install Pillow) for EXIF extraction
anaheimpd.org.cer,/data/data/com.termux/files/home/osintneoai/evidence/ssl/anaheimpd.org.cer,907,2026-08-08 17:25:56,915e4e6e0fdf9243a7a9fa9790e8e96a4412739106249401a90561ca8495fdfe,Install Pillow (pip install Pillow) for EXIF extraction
atlanticpacificcommunities.com.cer,/data/data/com.termux/files/home/osintneoai/evidence/ssl/atlanticpacificcommunities.com.cer,1867,2026-08-08 17:25:56,ccf059f5e05a74e440c2f225364d6b54812f044c9619bd9c6f5d5298a01c5bfd,Install Pillow (pip install Pillow) for EXIF extraction
carlisledev.com.cer,/data/data/com.termux/files/home/osintneoai/evidence/ssl/carlisledev.com.cer,1800,2026-08-08 17:25:56,064effb5adcf46b8ab86ef9bf4a92c34f81bd9fd9e193f5656982ae6f9dfce60,Install Pillow (pip install Pillow) for EXIF extraction
hbpd.org.cer,/data/data/com.termux/files/home/osintneoai/evidence/ssl/hbpd.org.cer,886,2026-08-08 17:25:56,0aa19e30c879ce6e483187bdf7d9e0f72778529724442378089fb5e794d62498,Install Pillow (pip install Pillow) for EXIF extraction
illuminationfoundation.org.cer,/data/data/com.termux/files/home/osintneoai/evidence/ssl/illuminationfoundation.org.cer,1862,2026-08-08 17:25:56,df10029482a80a07a2f6ba8602fc3b45e1554c075aa3a633ada8daf1b5198199,Install Pillow (pip install Pillow) for EXIF extraction
lacounty.gov.cer,/data/data/com.termux/files/home/osintneoai/evidence/ssl/lacounty.gov.cer,2123,2026-08-08 17:25:56,7e9721b33b6cfe16d8ab744c546649201c1e2ba2521e4a699c743945c3574a59,Install Pillow (pip install Pillow) for EXIF extraction
libertycare.com.cer,/data/data/com.termux/files/home/osintneoai/evidence/ssl/libertycare.com.cer,1799,2026-08-08 17:25:56,a7c2abef05e92ae67d2f9dcc9bf64c3c51be91ff04021904a029a7183931cda6,Install Pillow (pip install Pillow) for EXIF extraction
libertyhomes.org.cer,/data/data/com.termux/files/home/osintneoai/evidence/ssl/libertyhomes.org.cer,1803,2026-08-08 17:25:56,03fd8b93a0728481304db488eb39f1ae762eff77bb8c7d2389b950271f708e7d,Install Pillow (pip install Pillow) for EXIF extraction
libertyseniorliving.com.cer,/data/data/com.termux/files/home/osintneoai/evidence/ssl/libertyseniorliving.com.cer,927,2026-08-08 17:25:56,26756cee73ef4ac3a3489dd48bce1e36b880df11504648485e8df26b2a3fdef6,Install Pillow (pip install Pillow) for EXIF extraction
pimasheriff.org.cer,/data/data/com.termux/files/home/osintneoai/evidence/ssl/pimasheriff.org.cer,907,2026-08-08 17:25:56,7b77f7ab2d8ce7c1a95f66c8bd050c95598af5f0e0eaf149458ee706429159f6,Install Pillow (pip install Pillow) for EXIF extraction
rbabuilders.com.cer,/data/data/com.termux/files/home/osintneoai/evidence/ssl/rbabuilders.com.cer,1803,2026-08-08 17:25:56,45adf508d1a9360aa14b5ea2c96100ab0d249ec46e2ac2fbc5547eec38e8671d,Install Pillow (pip install Pillow) for EXIF extraction
shelbycountytn.gov.cer,/data/data/com.termux/files/home/osintneoai/evidence/ssl/shelbycountytn.gov.cer,917,2026-08-08 17:25:56,3bbbab1432b644a503a4e29e659b4583092081c6fed136b63aed278763e2065d,Install Pillow (pip install Pillow) for EXIF extraction
cluster_map.html,/data/data/com.termux/files/home/osintneoai/evidence/visualizations/cluster_map.html,5049,2026-08-08 17:25:56,5850425fff497316c23c48acf480eef87937ff6998ae0a0be87b545715c28f29,Install Pillow (pip install Pillow) for EXIF extraction
geo_map.html,/data/data/com.termux/files/home/osintneoai/evidence/visualizations/geo_map.html,2896,2026-08-08 17:25:56,9dfadcc1a795db8179ad9f9b8df9d107c234ad21fa756050320b0603f15c5700,Install Pillow (pip install Pillow) for EXIF extraction
port_heatmap.html,/data/data/com.termux/files/home/osintneoai/evidence/visualizations/port_heatmap.html,6061,2026-08-08 17:25:56,63c45a4f08c7d8820e981e80d030384d7a9c97b6a6f13a3c674a2706ca4abbf9,Install Pillow (pip install Pillow) for EXIF extraction
rico_flow.html,/data/data/com.termux/files/home/osintneoai/evidence/visualizations/rico_flow.html,2176,2026-08-08 17:25:56,86fa6d4bb38db3a7c1cab9fd3942cfebb798af89a885bae102bb64f190461ae0,Install Pillow (pip install Pillow) for EXIF extraction
risk_matrix.html,/data/data/com.termux/files/home/osintneoai/evidence/visualizations/risk_matrix.html,3960,2026-08-08 17:25:56,05f276ab717229e8a1a77c20b471e91ba217388480c2947c514345157b277e5c,Install Pillow (pip install Pillow) for EXIF extraction
timeline.html,/data/data/com.termux/files/home/osintneoai/evidence/visualizations/timeline.html,2739,2026-08-08 17:25:56,ce88bebf252c010c80ba78995df8545b14e9473e8259c7cd0db7b0a7a4b5bd5c,Install Pillow (pip install Pillow) for EXIF extraction
anaheim.net_.txt,/data/data/com.termux/files/home/osintneoai/evidence/web_content/anaheim.net_.txt,212,2026-08-08 17:25:56,eb3f5ab2f24f159c6eb068f504c9afc57232412a08084e2094137d0136a9d62d,Install Pillow (pip install Pillow) for EXIF extraction
anaheim.net_robots.txt.txt,/data/data/com.termux/files/home/osintneoai/evidence/web_content/anaheim.net_robots.txt.txt,233,2026-08-08 17:25:56,fde91b9e5fb6161a707602d4e1e1c8a94116791d131cb65b63670fdf51830e0e,Install Pillow (pip install Pillow) for EXIF extraction
anaheimpd.org_.txt,/data/data/com.termux/files/home/osintneoai/evidence/web_content/anaheimpd.org_.txt,213,2026-08-08 17:25:56,e4bc955245574474c7df2fe7c5bb274275ed28f519bb5f527cc1b900be7330c0,Install Pillow (pip install Pillow) for EXIF extraction
atlanticpacificcommunities.com_.txt,/data/data/com.termux/files/home/osintneoai/evidence/web_content/atlanticpacificcommunities.com_.txt,259,2026-08-08 17:25:56,3cedf1a27dc44a6533b62d3388e6c35cb043fc6ed93480977383a35db73b91de,Install Pillow (pip install Pillow) for EXIF extraction
carlisledev.com_.txt,/data/data/com.termux/files/home/osintneoai/evidence/web_content/carlisledev.com_.txt,244,2026-08-08 17:25:56,209b3f677c1ffd1bfb3bf9e5b62c69b0bac1a9109312b588a96e247add4b21ed,Install Pillow (pip install Pillow) for EXIF extraction
hbpd.org_.txt,/data/data/com.termux/files/home/osintneoai/evidence/web_content/hbpd.org_.txt,322,2026-08-08 17:25:56,c878d3ef06f9c01dc9cb47322fc38f1a72e949a23884985eb79dea255a0192c8,Install Pillow (pip install Pillow) for EXIF extraction
illuminationfoundation.org_.txt,/data/data/com.termux/files/home/osintneoai/evidence/web_content/illuminationfoundation.org_.txt,255,2026-08-08 17:25:56,abe4d7b7a7522b60a1a62f3411790574c48c9425cf839e69f5d06fac3bb53b91,Install Pillow (pip install Pillow) for EXIF extraction
lacounty.gov_.txt,/data/data/com.termux/files/home/osintneoai/evidence/web_content/lacounty.gov_.txt,2135,2026-08-08 17:25:56,39c3e4afcdc4ea528f4cb68bed0ea94a5af504907b75db0f8e60de80c55f9a05,Install Pillow (pip install Pillow) for EXIF extraction
libertycare.com_.txt,/data/data/com.termux/files/home/osintneoai/evidence/web_content/libertycare.com_.txt,244,2026-08-08 17:25:56,5b977e83cdc5408589ddef750b28771a0225a23babcf3c198c86376045c40593,Install Pillow (pip install Pillow) for EXIF extraction
libertycare.org_xmlrpc.php.txt,/data/data/com.termux/files/home/osintneoai/evidence/web_content/libertycare.org_xmlrpc.php.txt,254,2026-08-08 17:25:56,0b415776930f1ebd3f55b00e409b92897dcd5a5ec9a5175ae99cbe0fdaf7ced8,Install Pillow (pip install Pillow) for EXIF extraction
libertyhomes.org_.txt,/data/data/com.termux/files/home/osintneoai/evidence/web_content/libertyhomes.org_.txt,245,2026-08-08 17:25:56,8cf216fba931e63f7e5e0cacb2a92970a8342cee81e341c1af4eee1cd48a5125,Install Pillow (pip install Pillow) for EXIF extraction
libertyseniorliving.com_.txt,/data/data/com.termux/files/home/osintneoai/evidence/web_content/libertyseniorliving.com_.txt,317,2026-08-08 17:25:56,51ade707aabdc5dcbd9e57a780bf27544bec29059308ceaffb5f526efd373d10,Install Pillow (pip install Pillow) for EXIF extraction
libertyseniorliving.com_admin.txt,/data/data/com.termux/files/home/osintneoai/evidence/web_content/libertyseniorliving.com_admin.txt,322,2026-08-08 17:25:56,6ccb37b0a889f588650c22dd099eb56268e0bc88ab7a92805f02085f7417c873,Install Pillow (pip install Pillow) for EXIF extraction
libertyseniorliving.com_wp-admin.txt,/data/data/com.termux/files/home/osintneoai/evidence/web_content/libertyseniorliving.com_wp-admin.txt,325,2026-08-08 17:25:56,92205ada648d6e4bef548f32ccd05a7f9b5085b9dc0c6da2b4256a81e611dcec,Install Pillow (pip install Pillow) for EXIF extraction
libertyseniorliving.com_wp-admin_v2.txt,/data/data/com.termux/files/home/osintneoai/evidence/web_content/libertyseniorliving.com_wp-admin_v2.txt,8332,2026-08-08 17:25:56,85df760da41cdd1e0b72b031cca4e9425e7f3ed7393328d0e3a6885c56f7f668,Install Pillow (pip install Pillow) for EXIF extraction
libertyseniorliving.com_wp-login.php.txt,/data/data/com.termux/files/home/osintneoai/evidence/web_content/libertyseniorliving.com_wp-login.php.txt,329,2026-08-08 17:25:56,e0b9d69eb10bc017ea936b668d6c3570097cfb10ba5e2c48433cdc0d9477a80f,Install Pillow (pip install Pillow) for EXIF extraction
pimasheriff.org_.txt,/data/data/com.termux/files/home/osintneoai/evidence/web_content/pimasheriff.org_.txt,2157,2026-08-08 17:25:56,7a05398ddc9af56304ec8b422e67b21b3669f632972772c71f3903ef44bfff70,Install Pillow (pip install Pillow) for EXIF extraction
pimasheriff.org_robots.txt.txt,/data/data/com.termux/files/home/osintneoai/evidence/web_content/pimasheriff.org_robots.txt.txt,683,2026-08-08 17:25:56,637ea43569c12e2fea4db72dbc46bf959069d0290bc9272097fe8b7566bbb0f5,Install Pillow (pip install Pillow) for EXIF extraction
rbabuilders.com_.txt,/data/data/com.termux/files/home/osintneoai/evidence/web_content/rbabuilders.com_.txt,244,2026-08-08 17:25:57,0e80205b4f097a8fec98663b1a7f80115a71266a1ecce1f6a87d2f0b7ee2d7dd,Install Pillow (pip install Pillow) for EXIF extraction
shelbycountytn.gov_.txt,/data/data/com.termux/files/home/osintneoai/evidence/web_content/shelbycountytn.gov_.txt,226,2026-08-08 17:25:57,7e4d096b8af184e81fc3588b1ad4edc042740782b2889596b7459717320550e7,Install Pillow (pip install Pillow) for EXIF extraction
shelbycountytn.gov_robots.txt.txt,/data/data/com.termux/files/home/osintneoai/evidence/web_content/shelbycountytn.gov_robots.txt.txt,247,2026-08-08 17:25:57,842f3b1bc0c0ab35198ead73dc507787cc5093ab3368cb5d60905e2d67b26665,Install Pillow (pip install Pillow) for EXIF extraction
www.libertyseniorliving.com_wp-admin.txt,/data/data/com.termux/files/home/osintneoai/evidence/web_content/www.libertyseniorliving.com_wp-admin.txt,8336,2026-08-08 17:25:57,cfd666639f29d4801e85c3765d71035b0994bb54f524f40e9ccd8116286a6541,Install Pillow (pip install Pillow) for EXIF extraction
advancedrealestate.com.txt,/data/data/com.termux/files/home/osintneoai/evidence/whois/advancedrealestate.com.txt,1359,2026-08-08 17:25:57,ed148b57cae5197f19bee23899a5be2294dcc472928e66d1684fd60e9d3265fd,Install Pillow (pip install Pillow) for EXIF extraction
anaheim.net.txt,/data/data/com.termux/files/home/osintneoai/evidence/whois/anaheim.net.txt,1360,2026-08-08 17:25:57,1f9a7b6d7c93cb912db3f7dfd0472e92df4406165022d7ed24a065f8bbbbb875,Install Pillow (pip install Pillow) for EXIF extraction
anaheimpd.org.txt,/data/data/com.termux/files/home/osintneoai/evidence/whois/anaheimpd.org.txt,1370,2026-08-08 17:25:57,20e339e2534dbbb6d43c2caf6bcfe51fd7b7059dd15309c4bd7b1fb5dc786db3,Install Pillow (pip install Pillow) for EXIF extraction
apcommunities.com.txt,/data/data/com.termux/files/home/osintneoai/evidence/whois/apcommunities.com.txt,1338,2026-08-08 17:25:57,1cb3aefff82d6ec7b4376a67cba0b1631716532979bcabbf12f39f01aeaf2112,Install Pillow (pip install Pillow) for EXIF extraction
atlanticpacific.com.txt,/data/data/com.termux/files/home/osintneoai/evidence/whois/atlanticpacific.com.txt,1390,2026-08-08 17:25:57,cf56cf1c9b1162fbb21353d2fb23b4c0b8a67652e28e6d2585d4f57aa4a5792d,Install Pillow (pip install Pillow) for EXIF extraction
atlanticpacificcommunities.com.txt,/data/data/com.termux/files/home/osintneoai/evidence/whois/atlanticpacificcommunities.com.txt,1415,2026-08-08 17:25:57,9ba55f20599224a5957fb6ca314915965074b6c9b954a0dbeb3a78fa25c676cb,Install Pillow (pip install Pillow) for EXIF extraction
carlisledev.com.txt,/data/data/com.termux/files/home/osintneoai/evidence/whois/carlisledev.com.txt,1328,2026-08-08 17:25:57,f4e19b5627b6b3a4e81d6d7c352cdabf6ef99a9cd4e655dea93c8c462cfbcba3,Install Pillow (pip install Pillow) for EXIF extraction
carlisledevelopment.com.txt,/data/data/com.termux/files/home/osintneoai/evidence/whois/carlisledevelopment.com.txt,1420,2026-08-08 17:25:57,681362e8245703bc70e34f25d5e087cec464c5f4cbe5bf9b3d97d55d5aa05396,Install Pillow (pip install Pillow) for EXIF extraction
cityofhuntingtonbeach.com.txt,/data/data/com.termux/files/home/osintneoai/evidence/whois/cityofhuntingtonbeach.com.txt,1456,2026-08-08 17:25:57,95dc1936da259b06d1d759303b923507a6489a254cc1bd190245e266b91aeb07,Install Pillow (pip install Pillow) for EXIF extraction
cookcountysheriff.org.txt,/data/data/com.termux/files/home/osintneoai/evidence/whois/cookcountysheriff.org.txt,1360,2026-08-08 17:25:57,3a6c6b626bc9aad421de6d9deaadf3fb28080e25356f5f1f1691dc206d0992be,Install Pillow (pip install Pillow) for EXIF extraction
covenanthouseca.org.txt,/data/data/com.termux/files/home/osintneoai/evidence/whois/covenanthouseca.org.txt,1406,2026-08-08 17:25:57,92ddb71a7a8361b56a1f9f768be16f5d550f905f8b5fc6ed89a1110d9bf246a9,Install Pillow (pip install Pillow) for EXIF extraction
hbpd.org.txt,/data/data/com.termux/files/home/osintneoai/evidence/whois/hbpd.org.txt,1337,2026-08-08 17:25:57,8d5e5971e35548ae526483b556f069166cdc24caa5906cbb96845a88a4724a2f,Install Pillow (pip install Pillow) for EXIF extraction
illuminationfoundation.org.txt,/data/data/com.termux/files/home/osintneoai/evidence/whois/illuminationfoundation.org.txt,1383,2026-08-08 17:25:57,47b87508516e8a7adb0bfd5b5a41a696260c9ceaf99c6048a5fecc1cd0068aae,Install Pillow (pip install Pillow) for EXIF extraction
l2tmedia.com.txt,/data/data/com.termux/files/home/osintneoai/evidence/whois/l2tmedia.com.txt,1313,2026-08-08 17:25:57,08b386bf997468d632eaca05cd4e0ad95d95d54e754a0b33bd144e6a64e15733,Install Pillow (pip install Pillow) for EXIF extraction
lacounty.gov.txt,/data/data/com.termux/files/home/osintneoai/evidence/whois/lacounty.gov.txt,1411,2026-08-08 17:25:57,837fa29458898e1fc15bc7ed8ae0647f175517c784101359a65491a97d02edc7,Install Pillow (pip install Pillow) for EXIF extraction
libertycare.com.txt,/data/data/com.termux/files/home/osintneoai/evidence/whois/libertycare.com.txt,1298,2026-08-08 17:25:57,c30fe7ec3c83392993367ecdab0fb936f9bd4d3bedb222618399b715f721edd7,Install Pillow (pip install Pillow) for EXIF extraction
libertycare.org.txt,/data/data/com.termux/files/home/osintneoai/evidence/whois/libertycare.org.txt,1314,2026-08-08 17:25:57,37887ba85f40e51541b0cd778b10f9b4c6e26f7d9f5438530ee17efb2fc4d0fb,Install Pillow (pip install Pillow) for EXIF extraction
libertyhomes.org.txt,/data/data/com.termux/files/home/osintneoai/evidence/whois/libertyhomes.org.txt,1319,2026-08-08 17:25:57,808eab62114b39e9875aa740d71baeaadadbe62913938bbb51e8d1083ecf3e00,Install Pillow (pip install Pillow) for EXIF extraction
libertyseniorliving.com.txt,/data/data/com.termux/files/home/osintneoai/evidence/whois/libertyseniorliving.com.txt,1430,2026-08-08 17:25:57,4f40d986aa83ee66f7b8754696784e373ba4be0b263255655de7503d4ac2a794,Install Pillow (pip install Pillow) for EXIF extraction
lvmpd.com.txt,/data/data/com.termux/files/home/osintneoai/evidence/whois/lvmpd.com.txt,1316,2026-08-08 17:25:57,ec67e1e2e74da1c08901c6664c4ed7571202576d30d04fa24b992ff09d95b2b0,Install Pillow (pip install Pillow) for EXIF extraction
mercyhouse.org.txt,/data/data/com.termux/files/home/osintneoai/evidence/whois/mercyhouse.org.txt,1363,2026-08-08 17:25:57,f93c292ef4b5a15574fdd3e21f6ba09a23e6f37cb8e9edf86141c5f30306cdfb,Install Pillow (pip install Pillow) for EXIF extraction
ocgov.com.txt,/data/data/com.termux/files/home/osintneoai/evidence/whois/ocgov.com.txt,1331,2026-08-08 17:25:57,34eab24564e746cdf1797e0b757edc2433acd172a2c7646b044c5ba563fda458,Install Pillow (pip install Pillow) for EXIF extraction
pimasheriff.org.txt,/data/data/com.termux/files/home/osintneoai/evidence/whois/pimasheriff.org.txt,1399,2026-08-08 17:25:57,bee9eacbc9f34806543c7d437b5981616c704695f027bb0e0e58bb0ac99b3426,Install Pillow (pip install Pillow) for EXIF extraction
raipartners.com.txt,/data/data/com.termux/files/home/osintneoai/evidence/whois/raipartners.com.txt,1338,2026-08-08 17:25:57,1051191bb9749f35ef25fd0374e6477968a9bee159489e1372de5360e791a2be,Install Pillow (pip install Pillow) for EXIF extraction
rbabuilders.com.txt,/data/data/com.termux/files/home/osintneoai/evidence/whois/rbabuilders.com.txt,1298,2026-08-08 17:25:57,adb14a15f9a5c49d8a639faceb574dbc29e156912192f45d4eb4fd0c47c37570,Install Pillow (pip install Pillow) for EXIF extraction
shelbycountytn.gov.txt,/data/data/com.termux/files/home/osintneoai/evidence/whois/shelbycountytn.gov.txt,1391,2026-08-08 17:25:57,18747352cd166dbab7d22d8ef6ceb0b1cdd5d1b6e9ec12d58be22f502e567c5b,Install Pillow (pip install Pillow) for EXIF extraction
starpointproperties.com.txt,/data/data/com.termux/files/home/osintneoai/evidence/whois/starpointproperties.com.txt,1418,2026-08-08 17:25:57,2680147fc1ed68dd951204a4add41dcfbc68e334cbeea1aa238adae5c9edf44f,Install Pillow (pip install Pillow) for EXIF extraction
stewartindustries.com.txt,/data/data/com.termux/files/home/osintneoai/evidence/whois/stewartindustries.com.txt,1360,2026-08-08 17:25:57,df3ee088344e121e036f1626f59e404cf9ff992abcaf5ce7aa37c929e3078be2,Install Pillow (pip install Pillow) for EXIF extraction
waymakers.org.txt,/data/data/com.termux/files/home/osintneoai/evidence/whois/waymakers.org.txt,1412,2026-08-08 17:25:57,ede3ae755d2e176a944c74e56265a32157ade4e8b644b13007b75284e90778f4,Install Pillow (pip install Pillow) for EXIF extraction
