Record_ID,Entity_Name,Category,Subcategory,Role_Or_Type,Primary_Identifier,Linked_Accounts_Or_Emails,Jurisdiction_Or_Location,Legal_Basis_Or_Statute,SHA256_Evidence_Count,Status,Risk_Level,Last_Updated,Source_Reference,Notes
NODE-001,amd949609@gmail.com,Core Node & Identity,Primary User / Architect,Self,amd949609@gmail.com,amd949609@gmail.com,Local Workstation (https://github.com/Tonypost949),Universal AI Execution Standard,Verified Node,ACTIVE,CRITICAL_AUTHORITY,2026-09-13 12:18:53 UTC,C:\amd949609@gmail.com_Antigravity_CLI_v2.0\user_nodes.csv,"Purpose: System Architecture & OSINT Development | Notes: Inventions: ailaws (https://github.com/Tonypost949/ailaws), OSINTNeoAI (C:\\OsintNeoAi)"
NODE-002,Universal AI Laws Ecosystem,Core Node & Identity,Core Invention by amd949609@gmail.com,Invention / Repository,ailaws_Framework,,https://github.com/Tonypost949/ailaws,Universal AI Execution Standard,Verified Node,ACTIVE,INFORMATIONAL,2026-09-13 12:18:53 UTC,C:\amd949609@gmail.com_Antigravity_CLI_v2.0\user_nodes.csv,Purpose: Universal AI Governance | Notes: Direct URL: https://github.com/Tonypost949/ailaws | Quick Prompt: C:\\0.md / /sdcard/0.md
NODE-003,OSINTNeoAI Platform,Core Node & Identity,Core Project by amd949609@gmail.com,Invention / Project,OSINTNeoAI_System,,C:\\OsintNeoAi,Universal AI Execution Standard,Verified Node,ACTIVE,INFORMATIONAL,2026-09-13 12:18:53 UTC,C:\amd949609@gmail.com_Antigravity_CLI_v2.0\user_nodes.csv,"Purpose: OSINT Investigation | Notes: Includes Unlawful Detainer dockets, municipal enforcement & police records modules"
NODE-004,Anthony Michael DiMarcello III,Core Node & Identity,Primary Educational Identity / Student Relator,Self (Academic Identity),anthony.dimarcello@students.post.edu,anthony.dimarcello@students.post.edu,Post University Portal (https://login.microsoftonline.com/),Universal AI Execution Standard,Verified Node,ACTIVE,INFORMATIONAL,2026-09-13 12:18:53 UTC,C:\amd949609@gmail.com_Antigravity_CLI_v2.0\user_nodes.csv,"Purpose: Academic Credentials and Developer Benefits | Notes: Used for Azure for Students, GitHub Student Pack, JetBrains, PACER Academic Exemptions"
NODE-005,Post University,Core Node & Identity,Microsoft Education Identity Tenant,Academic Institution,Post_University_M365_Tenant,anthony.dimarcello@students.post.edu,https://login.microsoftonline.com/,Universal AI Execution Standard,Verified Node,ACTIVE,INFORMATIONAL,2026-09-13 12:18:53 UTC,C:\amd949609@gmail.com_Antigravity_CLI_v2.0\user_nodes.csv,Purpose: Student Access and Azure Perks | Notes: Tenant manages Office 365. Google Workspace not enabled on students.post.edu domain; Google Cloud uses direct GitHub Student Pack coupon redemption.
NODE-006,Anthony Michael DiMarcello III,Core Node & Identity,Personal Student Secondary Email / Google Workspace Bridge,Self (Personal Student Identity),anthony.dimarcello.student@gmail.com,anthony.dimarcello.student@gmail.com,Google Account Portal,Universal AI Execution Standard,Verified Node,ACTIVE,INFORMATIONAL,2026-09-13 12:18:53 UTC,C:\amd949609@gmail.com_Antigravity_CLI_v2.0\user_nodes.csv,Purpose: Google Cloud Student Grants & Academic Backups | Notes: Primary Google Account bridge for student perks when students.post.edu domain lacks Google Workspace.
NODE-007,Anthony Michael DiMarcello III,Core Node & Identity,Personal Student Secondary Email / Microsoft Backup,Self (Personal Outlook Identity),anthony.dimarcello.student@outlook.com,anthony.dimarcello.student@outlook.com,Microsoft Live / Outlook Portal,Universal AI Execution Standard,Verified Node,ACTIVE,INFORMATIONAL,2026-09-13 12:18:53 UTC,C:\amd949609@gmail.com_Antigravity_CLI_v2.0\user_nodes.csv,Purpose: Microsoft Azure Backup & Security Relay | Notes: Configured as official security recovery and backup email for Microsoft 365 / Post University tenant.
NODE-008,,Core Node & Identity,Mom Family Node (619-337-5922),,etp949609@gmail.com,,,Universal AI Execution Standard,Verified Node,ACTIVE,INFORMATIONAL,2026-09-13 12:18:53 UTC,C:\amd949609@gmail.com_Antigravity_CLI_v2.0\user_nodes.csv,Purpose: None | Notes: None
CASE-001,Huntington Beach Police Department,FCA / RICO Forensic Ledger,Bureaucratic Blockade,Case Manager,Kristy Conway,N/A,Local,None,Documented in Docket,Documented,HIGH_EXPOSURE,2021-12-01,Personal account (December 2021),Denied employment support and funneled individual into Navigation Center instead
CASE-002,Mercy House Board of Directors,FCA / RICO Forensic Ledger,Financial Conflict,Board Member (24 yrs),Tom Conway,https://projects.propublica.org/nonprofits,Federal,SEC Investment Advisers Act of 1940,Documented in Docket,Under Investigation,HIGH_EXPOSURE,2023-01-15,Mercy House Form 990 (2022),0.9% retirement plan kickback through Diversified Investment Services (DIS)
CASE-003,Conway Network,FCA / RICO Forensic Ledger,Network Connection,Multiple,Kristy & Tom Conway,N/A,Local,None,Documented in Docket,Unconfirmed,HIGH_EXPOSURE,2023-06-01,Public records search pending,Shared surname + both operate in Orange County homeless industrial complex
CASE-004,Huntington Beach City Government,FCA / RICO Forensic Ledger,Data Breach,Unknown,Unknown,https://www.govtech.com,State,California SB 446,Documented in Docket,Confirmed,HIGH_EXPOSURE,2025-03-15,Public records search,Ransomware attack forced multiple city systems offline
CASE-005,HBPD / hbpd.org,FCA / RICO Forensic Ledger,Data Breach,Unknown,Unknown,https://www.dehashed.com,State,California SB 446 / HIPAA,Documented in Docket,Confirmed,HIGH_EXPOSURE,2025-03-15,Dehashed scan (June 2026),400+ records found on Dehashed including addresses and credentials
CASE-006,HBPD / Microsoft 365,FCA / RICO Forensic Ledger,Data Breach,Unknown,Unknown,https://dns.google,Federal,None,Documented in Docket,Confirmed,HIGH_EXPOSURE,2025-03-15,MX lookup (June 2026),MX record confirms hbpd-org.mail.protection.outlook.com
CASE-007,City of Irvine,FCA / RICO Forensic Ledger,Regional Attack,Unknown,Unknown,https://www.latimes.com,State,California SB 446,Documented in Docket,Confirmed,HIGH_EXPOSURE,2025-04-01,News reports,Cyber incident disrupted government systems and public-facing services
CASE-008,City of Newport Beach,FCA / RICO Forensic Ledger,Regional Attack,Unknown,Unknown,https://www.latimes.com,State,California SB 446,Documented in Docket,Confirmed,HIGH_EXPOSURE,2025-05-15,News reports,Multiple security incidents involving city infrastructure and data systems
CASE-009,Multiple U.S. Cities & Agencies,FCA / RICO Forensic Ledger,Data Breach,Unknown,Unknown,N/A,Federal,CFAA (Computer Fraud and Abuse Act),Documented in Docket,Documented,HIGH_EXPOSURE,2026-06-15,Custom HTML scanner (June 2026),"100+ URLs scanned with Katana revealed exposed admin panels, config files, and open directories"
CASE-010,Southern California Edison (SCE),FCA / RICO Forensic Ledger,Infrastructure,Unknown,Unknown,N/A,Federal,CFAA / NERC CIP,Documented in Docket,Documented,HIGH_EXPOSURE,2026-06-15,Custom HTML scanner (June 2026),SCE domains scanned for exposed endpoints and admin paths
CASE-011,Republic of Turkey,FCA / RICO Forensic Ledger,Foreign Intelligence,Unknown,Unknown,N/A,Federal,CFAA / Espionage Act,Documented in Docket,Documented,HIGH_EXPOSURE,2026-06-15,Custom HTML scanner (June 2026),Turkish national and regional police domains scanned for exposed infrastructure
CASE-012,Kroll (Risk Advisory Firm),FCA / RICO Forensic Ledger,Data Breach,Unknown,Unknown,https://www.coindesk.com,State / Federal,California SB 446 / HIPAA,Documented in Docket,Confirmed,HIGH_EXPOSURE,2023-08-01,News reports (August 2023),"SIM-swapping attack exposed FTX creditor data including names, addresses, and account balances"
CASE-013,FTX / Kroll,FCA / RICO Forensic Ledger,Financial Crime,Unknown,Unknown,https://www.coindesk.com,Federal,CFAA / Identity Theft Act,Documented in Docket,Confirmed,HIGH_EXPOSURE,2023-08-15,News reports,Deepfake fraud used Kroll-exposed data to impersonate FTX claimants and steal $5.6M
CASE-014,"Headway (TherapyMatch, Inc.)",FCA / RICO Forensic Ledger,Healthcare Violation,Psychiatrist / Whistleblower,Dr. Ann Verma,https://www.courtlistener.com,State / Federal,HIPAA / CCPA / CIPA,Documented in Docket,Active,HIGH_EXPOSURE,2024-01-15,"Class action lawsuit (M.G. v. Therapymatch, Inc.)",Embedded Google Analytics code collected sensitive mental health data without consent
CASE-015,"Headway (TherapyMatch, Inc.)",FCA / RICO Forensic Ledger,Healthcare Violation,Psychiatrist / Whistleblower,Dr. Ann Verma,https://www.bbb.org,Federal / State,False Claims Act / California Labor Code § 1102.5,Documented in Docket,Active,HIGH_EXPOSURE,2024-01-15,Provider complaints (Reddit / BBB),Billing system prevents providers from accessing accurate patient data; arbitrary deductions taken without justification
CASE-016,"Headway (TherapyMatch, Inc.)",FCA / RICO Forensic Ledger,Healthcare Violation,Psychiatrist / Whistleblower,Dr. Ann Verma,https://www.courtlistener.com,Federal / State,FLSA / California Labor Code,Documented in Docket,Active,HIGH_EXPOSURE,2024-01-15,"Brower-Walsh v. Therapy Match, Inc. (class action)",Providers cannot see billing statements; Headway takes up to 70% of patient fees; wage gouging
CASE-017,"Headway (TherapyMatch, Inc.)",FCA / RICO Forensic Ledger,Healthcare Violation,Psychiatrist / Whistleblower,Dr. Ann Verma,https://www.reddit.com,State,CCPA / California Privacy Rights Act,Documented in Docket,Active,HIGH_EXPOSURE,2024-01-15,Provider complaints (Social media),Mandated all providers and patients undergo facial scan and ID upload via Persona (vendor with known security issues)
CASE-018,"Headway (TherapyMatch, Inc.)",FCA / RICO Forensic Ledger,Whistleblower,Psychiatrist / Whistleblower,Dr. Ann Verma,N/A,Federal / State,False Claims Act / California Labor Code § 1102.5 / Anti-Retaliation Provisions,Documented in Docket,Active,HIGH_EXPOSURE,2024-02-01,Personal account (Ann Verma),"Ann facing termination for raising concerns about billing fraud, data privacy violations, and forced biometric verification"
CASE-019,Ascon Landfill (Huntington Beach),FCA / RICO Forensic Ledger,Environmental,Unknown,Unknown,https://www.epa.gov,Federal,CERCLA / Superfund Act,Documented in Docket,Confirmed,HIGH_EXPOSURE,2025-06-01,EPA Superfund list,Toxic contamination at former landfill site currently used as homeless shelter site
CASE-020,Ascon Landfill (Huntington Beach),FCA / RICO Forensic Ledger,Environmental,Unknown,Unknown,N/A,Federal / State,CERCLA / ADA / Child Abuse Reporting,Documented in Docket,Unconfirmed,HIGH_EXPOSURE,2025-06-01,Health records (confidential),Children placed on toxic property with elevated blood lead levels
CASE-021,HUD / Mercy House,FCA / RICO Forensic Ledger,Federal Grants,Multiple,Mercy House Board of Directors,https://www.hud.gov,Federal,HUD ESG Program Requirements / 24 CFR 576,Documented in Docket,Under Investigation,HIGH_EXPOSURE,2025-06-01,HUD Grant Records (CPRA pending),ESG grant required environmental review; none was done before placing vulnerable populations on Superfund site
CASE-022,Huntington Beach Homeless Task Force,FCA / RICO Forensic Ledger,Civil Rights,Case Manager,Kristy Conway,N/A,State / Federal,ADA Title II / Section 504,Documented in Docket,Documented,HIGH_EXPOSURE,2025-07-01,Personal account (multiple sources),Denied ADA accommodations to homeless individuals with disabilities
CASE-023,Huntington Beach Police Department,FCA / RICO Forensic Ledger,Civil Rights,Case Manager,Kristy Conway,N/A,Federal,4th Amendment / 14th Amendment,Documented in Docket,Documented,HIGH_EXPOSURE,2025-07-01,Personal account (multiple sources),Unconstitutional seizure of property from unhoused individuals
CASE-024,Mercy House,FCA / RICO Forensic Ledger,Mandatory Reporting,Unknown,Unknown,https://leginfo.legislature.ca.gov,State,CA Penal Code § 11166,Documented in Docket,Unconfirmed,HIGH_EXPOSURE,2025-08-01,CA Mandatory Reporting Law,Failure to report child abuse/neglect occurring on toxic property to county child welfare agencies
CASE-025,Huntington Beach Hospital,FCA / RICO Forensic Ledger,Medical,Unknown,Unknown,N/A,Federal,EMTALA (42 U.S.C. § 1395dd),Documented in Docket,Unconfirmed,HIGH_EXPOSURE,2025-09-01,Personal account (confidential),EMTALA violation (patient dumping) involving homeless individual
CASE-026,Mercy House,FCA / RICO Forensic Ledger,Tax,Board Member (24 yrs),Tom Conway,https://projects.propublica.org/nonprofits,State / Federal,IRS Form 990 / Tax Fraud,Documented in Docket,Under Investigation,HIGH_EXPOSURE,2025-10-01,Mercy House Form 990 (2022),Failure to disclose 0.9% retirement plan revenue in Form 990
CASE-027,Conway Network,FCA / RICO Forensic Ledger,Criminal,Multiple,Tom Conway & Associates,N/A,Federal,RICO Act (18 U.S.C. § 1961 et seq.),Documented in Docket,Unconfirmed,HIGH_EXPOSURE,2025-11-01,Network analysis (various sources),"Pattern of racketeering activity across homeless industrial complex (fraud, bribery, intimidation)"
CASE-028,Mercy House / DIS,FCA / RICO Forensic Ledger,Criminal,Board Member (24 yrs),Tom Conway,N/A,Federal,Money Laundering Control Act (18 U.S.C. § 1956),Documented in Docket,Unconfirmed,HIGH_EXPOSURE,2025-12-01,Financial records (CPRA pending),0.9% kickback from retirement plan proceeds laundered through shell entities
CASE-029,"Headway (TherapyMatch, Inc.)",FCA / RICO Forensic Ledger,Activist / Legal,Psychiatrist / Whistleblower,Dr. Ann Verma,N/A,Federal / State,False Claims Act / CCPA / HIPAA,Documented in Docket,Active,HIGH_EXPOSURE,2026-01-15,Personal account (Ann Verma),"Ann raising concerns about billing fraud, data privacy, biometric verification, and patient data accuracy"
CASE-030,Kroll / FTX / Turkey,FCA / RICO Forensic Ledger,Network,Unknown,Unknown,N/A,Federal,CFAA / Espionage Act,Documented in Docket,Unconfirmed,HIGH_EXPOSURE,2026-02-01,Network analysis (various sources),"Potential overlap between Kroll breach data, FTX fraud, and Turkish intelligence targets"
CASE-031,Visalia / Fresno CoCs,FCA / RICO Forensic Ledger,Environmental,Unknown,Unknown,https://www.epa.gov,Federal,EPA / CERCLA,Documented in Docket,Confirmed,HIGH_EXPOSURE,2026-03-15,EPA Superfund list,Agricultural pollution documented in CA-513 (Visalia) and CA-514 (Fresno) CoCs; potential Superfund sites
CASE-032,CA-602 (Orange),FCA / RICO Forensic Ledger,CoC Master,Unknown,Unknown,https://www.hud.gov,Federal,HUD CoC Program Requirements,Documented in Docket,Confirmed,HIGH_EXPOSURE,2026-03-15,CoC Master List (2026),Continuum of Care CA-602 flagged for environmental justice concerns
CASE-033,City of Huntington Beach / HUD,FCA / RICO Forensic Ledger,Activist / Legal,Unknown,Unknown,N/A,State,California Public Records Act (CPRA),Documented in Docket,Filed,HIGH_EXPOSURE,2026-04-01,CPRA filing (June 2026),"CPRA request filed for all HUD grant records, environmental reviews, and homeless services contracts"
CASE-034,Unknown,FCA / RICO Forensic Ledger,Activist / Legal,Psychiatrist,Dr. Ann Verma,N/A,State,California Business and Professions Code § 6068,Documented in Docket,Planned,HIGH_EXPOSURE,2026-05-01,Personal account (Ann Verma),Bar complaint against attorneys involved in retaliation against Ann
CASE-035,Turkish Police,FCA / RICO Forensic Ledger,Data Breach,Unknown,Unknown,N/A,Federal,CFAA / Espionage Act,Documented in Docket,Documented,HIGH_EXPOSURE,2026-06-01,Custom HTML scanner (June 2026),"Turkish national and regional police domains (egm.gov.tr, istanbul.pol.tr, etc.) scanned and may contain exposed admin paths"
CASE-036,Mercy House Living Centers,FCA / RICO Forensic Ledger,Self-Dealing,Board Member,Johnny Bryant,https://projects.propublica.org/nonprofits,Federal / State,IRC Section 4941 / California Corp. Code Section 5233,Documented in Docket,Documented,HIGH_EXPOSURE,2023-01-20,Mercy House Audit Reports,ASL Electric & Plumbing awarded lucrative no-bid facility electrical/plumbing contracts while Bryant holds active board seat
CASE-037,Mercy House Living Centers,FCA / RICO Forensic Ledger,Self-Dealing,Board Member,Bryan Pavalko,https://www.pandemicoversight.gov,Federal,18 U.S.C. Section 287 (False Claims Act) / IRC Section 4941,Documented in Docket,Documented,HIGH_EXPOSURE,2023-02-10,SBA PPP Database / GSA FAC Records,RBA Builders LLC awarded millions in shelter construction contracts while Pavalko occupies board seat; firm double-dipped $2.59M SBA PPP loan
CASE-038,Mercy House Living Centers,FCA / RICO Forensic Ledger,Self-Dealing,Board Member,Mladen Buntich,https://fac.gov,Federal / State,IRC Section 4941 / California Corp. Code Section 5233,Documented in Docket,Documented,HIGH_EXPOSURE,2023-03-01,GSA Single Audit Database,Mladen Buntich Construction Co. awarded high-value site engineering contracts; firm simultaneously secured $1.58M SBA PPP loan
CASE-039,Mercy House Living Centers,FCA / RICO Forensic Ledger,Self-Dealing,Board Member,Mia Bergman,https://www.pandemicoversight.gov,Federal / State,False Claims Act / California Corp. Code Section 5233,Documented in Docket,Documented,HIGH_EXPOSURE,2023-04-15,County Deed Filings / SBA Database,Shopoff Realty Investments structured land and facility acquisition deals for Mercy House shelters; firm received $2.31M PPP loan
CASE-040,Mercy House Living Centers,FCA / RICO Forensic Ledger,Self-Dealing,Board Member,Natalie McCarty,https://projects.propublica.org/nonprofits,State,California Corp. Code Section 5233 / Breach of Duty of Loyalty,Documented in Docket,Documented,HIGH_EXPOSURE,2023-04-20,County Deed Filings,Shopoff Investments maintains dual board-seat footprint to control property transaction votes (Bergman + McCarty representing same corporate firm)
CASE-041,Mercy House Living Centers,FCA / RICO Forensic Ledger,Self-Dealing,Board Member,Paul Julian,https://www.hud.gov,Federal / State,IRC Section 4941 / California Corp. Code Section 5233,Documented in Docket,Documented,HIGH_EXPOSURE,2023-05-10,HUD ESG Expenditures Registry,Advanced Real Estate Services leased multi-family housing units to Mercy House at inflated rates funded by HUD ESG grants
CASE-042,Mercy House Living Centers,FCA / RICO Forensic Ledger,Self-Dealing,Board Member,Daryl Cole,https://projects.propublica.org/nonprofits,Federal / State,SEC Investment Advisers Act of 1940 / California Corp. Code Section 5233,Documented in Docket,Documented,HIGH_EXPOSURE,2023-06-15,Mercy House Audit Financials,"Cole & Company Wealth Management awarded exclusive, no-bid oversight of Mercy House's investment advisory and cash management loops"
CASE-043,Mercy House Living Centers,FCA / RICO Forensic Ledger,Self-Dealing,Board Member,Lisa Rumbaugh,https://projects.propublica.org/nonprofits,Federal / State,IRC Section 4941 / California Corp. Code Section 5233,Documented in Docket,Confirmed,HIGH_EXPOSURE,2023-07-01,Mercy House Form 990 Schedule L (2022),"Clarity Tax Accounting awarded exclusive book-keeping and tax filing audit prep contracts resulting in self-dealing transactions of $17,134.00"
CASE-044,Covenant House California / Starpoint Properties,FCA / RICO Forensic Ledger,Property Shuffle,Board Trustee / Starpoint CEO,Paul Daneshrad,https://www.ocrecorder.com,Federal,18 U.S.C. Section 1341 (Mail Fraud) / 18 U.S.C. Section 1343 (Wire Fraud),Documented in Docket,Documented,HIGH_EXPOSURE,2020-07-13,Orange County Deed Registry,Acquired residential and commercial properties under localized shell LLCs and leased them to Covenant House California at highly inflated values
CASE-045,Starpoint Properties LLC / 213 N. Gilbert St,FCA / RICO Forensic Ledger,Civil Rights,Evicted Tenant,Jose Nunez,https://www.occourts.org,State,California Civil Code Section 1940 / CA Tenant Protection Act,Documented in Docket,Confirmed,HIGH_EXPOSURE,2020-08-01,Anaheim Civil Court Eviction Filings,"Rapid civil eviction filed against Jose Nunez at 213 N. Gilbert St, Anaheim to clear the property for lucrative Covenant House shelter lease-back expansion"
CASE-046,Starpoint Properties LLC / 632 N. East St,FCA / RICO Forensic Ledger,Civil Rights,Evicted Tenant,Barnes,https://www.occourts.org,State,California Civil Code Section 1940,Documented in Docket,Confirmed,HIGH_EXPOSURE,2020-11-15,Anaheim Civil Court Records,"Rapid civil eviction filed against tenant Barnes at 632 N. East St, Anaheim to clear property for Daneshrad real estate loop"
CASE-047,Arizona Balance of State CoC (AZ-500),FCA / RICO Forensic Ledger,National Expansion,CoC Administrators,Unknown,https://www.hud.gov,Federal / State,False Claims Act / HUD ESG Requirements,Documented in Docket,Documented,HIGH_EXPOSURE,2026-03-15,National CoC Audit Map (2026),Sheriff-only rural coverage across 13 counties exhibits total absence of registered NPI health-billing verification despite millions in HUD grants
CASE-048,Colorado Balance of State CoC (CO-500),FCA / RICO Forensic Ledger,National Expansion,CoC Administrators,Unknown,https://www.hud.gov,Federal,False Claims Act / CERCLA,Documented in Docket,Documented,HIGH_EXPOSURE,2026-03-15,National CoC Audit Map (2026),54 rural counties with sheriff-only policing are flagged for heavy environmental justice concerns (oil & gas shale regions) and lack of clinical oversight
CASE-049,Georgia Balance of State CoC (GA-501),FCA / RICO Forensic Ledger,National Expansion,CoC Administrators,Unknown,https://www.hud.gov,Federal,False Claims Act / HUD ESG Requirements,Documented in Docket,Documented,HIGH_EXPOSURE,2026-03-15,National CoC Audit Map (2026),Over 100 rural counties with sheriff-only policing show significant overlap with heavy industrial corridors and zero registered clinical NPIs
CASE-050,Texas Balance of State CoC (TX-611),FCA / RICO Forensic Ledger,National Expansion,CoC Administrators,Unknown,https://www.hud.gov,Federal,False Claims Act / HUD ESG Requirements,Documented in Docket,Documented,HIGH_EXPOSURE,2026-03-15,National CoC Audit Map (2026),Largest US BoS (214 counties) governed primarily by sheriff-only jurisdictions showing massive environmental risk (pesticide/oil) and zero NPI verification
CASE-051,Missouri Balance of State CoC (MO-505),FCA / RICO Forensic Ledger,National Expansion,CoC Administrators,Unknown,https://www.hud.gov,Federal,False Claims Act / CERCLA,Documented in Docket,Documented,HIGH_EXPOSURE,2026-03-15,National CoC Audit Map (2026),101 non-entitlement counties governed by sheriff-only policing are flagged for zero clinical social work presence and high EPA toxic overlays
CASE-052,Ohio Balance of State CoC (OH-506),FCA / RICO Forensic Ledger,National Expansion,CoC Administrators,Unknown,https://www.hud.gov,Federal,False Claims Act / HUD ESG Requirements,Documented in Docket,Documented,HIGH_EXPOSURE,2026-03-15,National CoC Audit Map (2026),"80 non-urban counties with sheriff-only coverage present zero billing NPI tracking for clinical support, operating as pass-throughs"
CASE-053,Oregon Balance of State CoC (OR-504),FCA / RICO Forensic Ledger,National Expansion,CoC Administrators,Unknown,https://www.hud.gov,Federal,False Claims Act / CERCLA,Documented in Docket,Documented,HIGH_EXPOSURE,2026-03-15,National CoC Audit Map (2026),Rural counties with sheriff-only policing show significant overlap with heavy agricultural pesticide runoffs and zero NPI registration
CASE-054,Washington Balance of State CoC (WA-507),FCA / RICO Forensic Ledger,National Expansion,CoC Administrators,Unknown,https://www.hud.gov,Federal,False Claims Act / HUD ESG Requirements,Documented in Docket,Documented,HIGH_EXPOSURE,2026-03-15,National CoC Audit Map (2026),Rural agricultural BoS regions with sheriff-only law enforcement lack NPI records and are adjacent to industrial runoffs
CASE-055,West Virginia Balance of State CoC (WV-501),FCA / RICO Forensic Ledger,National Expansion,CoC Administrators,Unknown,https://www.hud.gov,Federal,False Claims Act / CERCLA,Documented in Docket,Documented,HIGH_EXPOSURE,2026-03-15,National CoC Audit Map (2026),54 rural counties with sheriff-only policing exhibit heavy industrial/coal runoff toxic overlays and zero registered billing NPIs
CASE-056,Edwin Cabrera / Unknown,FCA / RICO Forensic Ledger,Criminal,Manufacturer,Edwin Cabrera,https://www.justice.gov,Federal,21 U.S.C. § 841 / § 846,Documented in Docket,Confirmed,HIGH_EXPOSURE,2025-08-01,DOJ press release,Manufactured counterfeit oxycodone pills containing fentanyl using pill-pressing machine
CASE-057,Orange County Trafficking Network,FCA / RICO Forensic Ledger,Criminal,Distributors,Unknown,https://www.justice.gov,Federal,21 U.S.C. § 841 / § 846,Documented in Docket,Confirmed,HIGH_EXPOSURE,2025-02-01,DOJ press release,1.2M pills distributed worth $36M; Orange County resident key player
CASE-058,Newport Beach PD / Unknown,FCA / RICO Forensic Ledger,Criminal,Unknown,Unknown,LA Times,California Health & Safety Code § 11351,000 fentanyl pills seized by Newport Beach Police,Documented in Docket,https://www.latimes.com,HIGH_EXPOSURE,2025-08-01,Up to 5 years imprisonment,50
CASE-059,Hanhong Pharmaceutical Technology,FCA / RICO Forensic Ledger,International,Manufacturer,Wuhan-based company,https://www.justice.gov,Federal / International,21 U.S.C. § 959 / § 960,Documented in Docket,Confirmed,HIGH_EXPOSURE,2024-10-01,DOJ indictment,Exported large quantities of fentanyl precursors and xylazine to Sinaloa Cartel and US traffickers
CASE-060,China / United States,FCA / RICO Forensic Ledger,International,Government,Unknown,https://www.theprint.in,International,Diplomatic / International Law,Documented in Docket,Confirmed,HIGH_EXPOSURE,2024-10-01,The Print / Heritage Foundation,US alleges China insufficiently regulates fentanyl precursor exports; Chinese firms knowingly sell to cartels
CASE-061,Headway / Unknown,FCA / RICO Forensic Ledger,Healthcare,Psychiatrist / Whistleblower,Dr. Ann Verma,Headway FAQ / Justice.gov,21 U.S.C. § 843 / False Claims Act,Risk of drug dealers paying people to use identities and insurance to stockpile Adderall via telehealth,Documented in Docket,https://www.headway.co,HIGH_EXPOSURE,2024-01-01,Up to 10 years imprisonment,California
CASE-062,HBPD Homeless Task Force,FCA / RICO Forensic Ledger,Criminal,Case Manager,Kristy Conway,https://www.hbpd.org,State,California Health & Safety Code § 11350,Documented in Docket,Confirmed,HIGH_EXPOSURE,2025-08-01,HBPD website,Task Force regularly arrests homeless individuals for narcotics possession during operations
CASE-063,HBPD Homeless Task Force,FCA / RICO Forensic Ledger,Criminal,Unknown,Unknown,https://www.hbpd.org,State,California Health & Safety Code § 11378,Documented in Docket,Confirmed,HIGH_EXPOSURE,2025-08-01,HBPD website,Suspects found with drug paraphernalia and suspected methamphetamine; one concealed large quantity
CASE-064,Huntington Beach / Newport Beach / Irvine / Various,FCA / RICO Forensic Ledger,Silent War,Unknown,Unknown,N/A, environmental, drug,Documented in Docket,N/A,HIGH_EXPOSURE,2026-07-01,Nationwide,Multiple cities targeted across cyber
CASE-065,NSA / 33 Thomas Street (NYC),FCA / RICO Forensic Ledger,Silent War,Unknown,Unknown,Dailymail.co.uk,Federal,NSA / FISA,Documented in Docket,Confirmed,HIGH_EXPOSURE,2026-07-01,Public reporting,Windowless NSA surveillance site; high-security datacenter
CASE-066,L3Harris / DoD,FCA / RICO Forensic Ledger,Silent War,Defense Contractor,Unknown,Defense.gov,Federal,10 U.S.C. § 2304,Documented in Docket,Confirmed,HIGH_EXPOSURE,2026-07-01,DoD contract records,VAMPIRE counter-drone systems contracted by DoD; $106M Army contract
CASE-067,Intelligence Community,FCA / RICO Forensic Ledger,Silent War,Whistleblower,Ann Verma,N/A, remote viewing,Memory suppression,Documented in Docket,N/A,HIGH_EXPOSURE,2026-07-01,Federal,California
CASE-068,Plum Island / Hawaiian Islands / Various,FCA / RICO Forensic Ledger,Silent War,Unknown,Unknown,DHS.gov,Federal,48 U.S.C. / DHS,Documented in Docket,Confirmed,HIGH_EXPOSURE,2026-07-01,DHS acquisition records,DHS security contracts for island installations; Plum Island biosecurity; Hawaiian vaults
CASE-069,Unknown,FCA / RICO Forensic Ledger,Silent War,Unknown,Unknown,N/A,N/A,None,Documented in Docket,Documented,HIGH_EXPOSURE,2026-07-01,Open source intelligence,Flash photography used as counter-surveillance technique; trauma-induced amnesia documented
AST-078,OsintNeoAi,Infrastructure & Repository Asset,GitHub Repo,ACTIVE,Tonypost949/OsintNeoAi,https://github.com/Tonypost949/OsintNeoAi,GitHub / Azure / Cloud Shell,System Topology,N/A,ACTIVE,OPERATIONAL,2026-09-13 12:18:53 UTC,MASTER_OSINT_CONSOLIDATED_SHEET.csv,Master evidence clearinghouse & BigQuery ingestion repository
AST-079,OsintNeoAiXXXL,Infrastructure & Repository Asset,GitHub Repo,ACTIVE,Tonypost949/OsintNeoAiXXXL,https://github.com/Tonypost949/OsintNeoAiXXXL,GitHub / Azure / Cloud Shell,System Topology,N/A,ACTIVE,OPERATIONAL,2026-09-13 12:18:53 UTC,MASTER_OSINT_CONSOLIDATED_SHEET.csv,Real-time threat intelligence & network attack pattern dashboard
AST-080,OSINTNeoAiXL,Infrastructure & Repository Asset,GitHub Repo,ACTIVE,Tonypost949/OSINTNeoAiXL,https://github.com/Tonypost949/OSINTNeoAiXL,GitHub / Azure / Cloud Shell,System Topology,N/A,ACTIVE,OPERATIONAL,2026-09-13 12:18:53 UTC,MASTER_OSINT_CONSOLIDATED_SHEET.csv,Extended OSINT analysis pipeline
AST-081,OSINTNeoAiCLI,Infrastructure & Repository Asset,GitHub Repo,ACTIVE,Tonypost949/OSINTNeoAiCLI,https://github.com/Tonypost949/OSINTNeoAiCLI,GitHub / Azure / Cloud Shell,System Topology,N/A,ACTIVE,OPERATIONAL,2026-09-13 12:18:53 UTC,MASTER_OSINT_CONSOLIDATED_SHEET.csv,Command-line interface tool for OSINT workflows
AST-082,osint-agent,Infrastructure & Repository Asset,GitHub Repo,ACTIVE,Tonypost949/osint-agent,https://github.com/Tonypost949/osint-agent,GitHub / Azure / Cloud Shell,System Topology,N/A,ACTIVE,OPERATIONAL,2026-09-13 12:18:53 UTC,MASTER_OSINT_CONSOLIDATED_SHEET.csv,Autonomous agent for OSINT investigations
AST-083,osint_analyzer,Infrastructure & Repository Asset,GitHub Repo,ACTIVE,Tonypost949/osint_analyzer,https://github.com/Tonypost949/osint_analyzer,GitHub / Azure / Cloud Shell,System Topology,N/A,ACTIVE,OPERATIONAL,2026-09-13 12:18:53 UTC,MASTER_OSINT_CONSOLIDATED_SHEET.csv,Entity extraction & visual network graph web app
AST-084,OsintNeoAiReplit,Infrastructure & Repository Asset,GitHub Repo,ACTIVE,Tonypost949/OsintNeoAiReplit,https://github.com/Tonypost949/OsintNeoAiReplit,GitHub / Azure / Cloud Shell,System Topology,N/A,ACTIVE,OPERATIONAL,2026-09-13 12:18:53 UTC,MASTER_OSINT_CONSOLIDATED_SHEET.csv,Replit cloud workspace deployment
AST-085,OsintNeoAi52026,Infrastructure & Repository Asset,GitHub Repo,ACTIVE,Tonypost949/OsintNeoAi52026,https://github.com/Tonypost949/OsintNeoAi52026,GitHub / Azure / Cloud Shell,System Topology,N/A,ACTIVE,OPERATIONAL,2026-09-13 12:18:53 UTC,MASTER_OSINT_CONSOLIDATED_SHEET.csv,OSINT investigation release iteration
AST-086,Osint-Arte-Ai,Infrastructure & Repository Asset,GitHub Repo,ACTIVE,Tonypost949/Osint-Arte-Ai,https://github.com/Tonypost949/Osint-Arte-Ai,GitHub / Azure / Cloud Shell,System Topology,N/A,ACTIVE,OPERATIONAL,2026-09-13 12:18:53 UTC,MASTER_OSINT_CONSOLIDATED_SHEET.csv,Visual & creative OSINT intelligence
AST-087,vertex-ai-creative-studio,Infrastructure & Repository Asset,GitHub Repo,ACTIVE,Tonypost949/vertex-ai-creative-studio,https://github.com/Tonypost949/vertex-ai-creative-studio,GitHub / Azure / Cloud Shell,System Topology,N/A,ACTIVE,OPERATIONAL,2026-09-13 12:18:53 UTC,MASTER_OSINT_CONSOLIDATED_SHEET.csv,Vertex AI generative media studio (Gemini
AST-088,ai-agents-for-beginners,Infrastructure & Repository Asset,GitHub Repo,ACTIVE,Tonypost949/ai-agents-for-beginners,https://github.com/Tonypost949/ai-agents-for-beginners,GitHub / Azure / Cloud Shell,System Topology,N/A,ACTIVE,OPERATIONAL,2026-09-13 12:18:53 UTC,MASTER_OSINT_CONSOLIDATED_SHEET.csv,18-lesson agentic AI framework (Fork)
AST-089,civil-rights-activist-emailer,Infrastructure & Repository Asset,GitHub Repo,ACTIVE,Tonypost949/civil-rights-activist-emailer,https://github.com/Tonypost949/civil-rights-activist-emailer,GitHub / Azure / Cloud Shell,System Topology,N/A,ACTIVE,OPERATIONAL,2026-09-13 12:18:53 UTC,MASTER_OSINT_CONSOLIDATED_SHEET.csv,Civil rights & authority abuse reporting tool
AST-090,NPI---Non-Profiteers-Index,Infrastructure & Repository Asset,GitHub Repo,ACTIVE,Tonypost949/NPI---Non-Profiteers-Index,https://github.com/Tonypost949/NPI---Non-Profiteers-Index,GitHub / Azure / Cloud Shell,System Topology,N/A,ACTIVE,OPERATIONAL,2026-09-13 12:18:53 UTC,MASTER_OSINT_CONSOLIDATED_SHEET.csv,Non-Profiteers Index Calculator
AST-091,riconow,Infrastructure & Repository Asset,GitHub Repo,ACTIVE,Tonypost949/riconow,https://github.com/Tonypost949/riconow,GitHub / Azure / Cloud Shell,System Topology,N/A,ACTIVE,OPERATIONAL,2026-09-13 12:18:53 UTC,MASTER_OSINT_CONSOLIDATED_SHEET.csv,RICO network correlation & running analysis engine
AST-092,landgrabpro,Infrastructure & Repository Asset,GitHub Repo,ACTIVE,Tonypost949/landgrabpro,https://github.com/Tonypost949/landgrabpro,GitHub / Azure / Cloud Shell,System Topology,N/A,ACTIVE,OPERATIONAL,2026-09-13 12:18:53 UTC,MASTER_OSINT_CONSOLIDATED_SHEET.csv,Municipal land & real estate transaction audit tool
AST-093,landgrabpro2,Infrastructure & Repository Asset,GitHub Repo,ACTIVE,Tonypost949/landgrabpro2,https://github.com/Tonypost949/landgrabpro2,GitHub / Azure / Cloud Shell,System Topology,N/A,ACTIVE,OPERATIONAL,2026-09-13 12:18:53 UTC,MASTER_OSINT_CONSOLIDATED_SHEET.csv,Extended municipal property audit engine
AST-094,landgrabpromo,Infrastructure & Repository Asset,GitHub Repo,ACTIVE,Tonypost949/landgrabpromo,https://github.com/Tonypost949/landgrabpromo,GitHub / Azure / Cloud Shell,System Topology,N/A,ACTIVE,OPERATIONAL,2026-09-13 12:18:53 UTC,MASTER_OSINT_CONSOLIDATED_SHEET.csv,Promotional portal for municipal land audit
AST-095,social-media-campaign-manager,Infrastructure & Repository Asset,GitHub Repo,ACTIVE,Tonypost949/social-media-campaign-manager,https://github.com/Tonypost949/social-media-campaign-manager,GitHub / Azure / Cloud Shell,System Topology,N/A,ACTIVE,OPERATIONAL,2026-09-13 12:18:53 UTC,MASTER_OSINT_CONSOLIDATED_SHEET.csv,Social media analytics & campaign manager
AST-096,AGcliontermux,Infrastructure & Repository Asset,GitHub Repo,PRIVATE,Tonypost949/AGcliontermux,https://github.com/Tonypost949/AGcliontermux,GitHub / Azure / Cloud Shell,System Topology,N/A,PRIVATE,OPERATIONAL,2026-09-13 12:18:53 UTC,MASTER_OSINT_CONSOLIDATED_SHEET.csv,Mobile & Termux deployment setup
AST-097,demo-api-scalar-galaxy-docs,Infrastructure & Repository Asset,GitHub Repo,PRIVATE,Tonypost949/demo-api-scalar-galaxy-docs,https://github.com/Tonypost949/demo-api-scalar-galaxy-docs,GitHub / Azure / Cloud Shell,System Topology,N/A,PRIVATE,OPERATIONAL,2026-09-13 12:18:53 UTC,MASTER_OSINT_CONSOLIDATED_SHEET.csv,Scalar Galaxy API documentation
AST-098,Tonypost949.github.io,Infrastructure & Repository Asset,GitHub Repo,ACTIVE,Tonypost949/Tonypost949.github.io,https://Tonypost949.github.io/OsintNeoAi/,GitHub / Azure / Cloud Shell,System Topology,N/A,ACTIVE,OPERATIONAL,2026-09-13 12:18:53 UTC,MASTER_OSINT_CONSOLIDATED_SHEET.csv,GitHub Pages master web dashboard deployment
AST-099,altwarp,Infrastructure & Repository Asset,GitHub Repo,ACTIVE,Tonypost949/altwarp,https://github.com/Tonypost949/altwarp,GitHub / Azure / Cloud Shell,System Topology,N/A,ACTIVE,OPERATIONAL,2026-09-13 12:18:53 UTC,MASTER_OSINT_CONSOLIDATED_SHEET.csv,Alternative network warping utility
AST-100,takeout_documents,Infrastructure & Repository Asset,BigQuery Table,LIVE,noble-beanbag-497411-m4.national_audits.takeout_documents,BigQuery,GitHub / Azure / Cloud Shell,System Topology,N/A,LIVE,OPERATIONAL,2026-09-13 12:18:53 UTC,MASTER_OSINT_CONSOLIDATED_SHEET.csv,1142 ingested files (201.3 MB) extracted text & tables
AST-101,takeout_chrome_history,Infrastructure & Repository Asset,BigQuery Table,LIVE,noble-beanbag-497411-m4.national_audits.takeout_chrome_history,BigQuery,GitHub / Azure / Cloud Shell,System Topology,N/A,LIVE,OPERATIONAL,2026-09-13 12:18:53 UTC,MASTER_OSINT_CONSOLIDATED_SHEET.csv,1340 Chrome timeline browser history records
AST-102,ppp_target_addresses,Infrastructure & Repository Asset,BigQuery Table,LIVE,noble-beanbag-497411-m4.national_audits.ppp_target_addresses,BigQuery,GitHub / Azure / Cloud Shell,System Topology,N/A,LIVE,OPERATIONAL,2026-09-13 12:18:53 UTC,MASTER_OSINT_CONSOLIDATED_SHEET.csv,Mercy House & PPP target address verification matrix
AST-103,regional_llcs_summary,Infrastructure & Repository Asset,BigQuery Table,LIVE,noble-beanbag-497411-m4.national_audits.regional_llcs_summary,BigQuery,GitHub / Azure / Cloud Shell,System Topology,N/A,LIVE,OPERATIONAL,2026-09-13 12:18:53 UTC,MASTER_OSINT_CONSOLIDATED_SHEET.csv,Shell LLC corporate entity cross-reference dataset
AST-104,entity_nodes,Infrastructure & Repository Asset,BigQuery Table,LIVE,noble-beanbag-497411-m4.national_audits.entity_nodes,BigQuery,GitHub / Azure / Cloud Shell,System Topology,N/A,LIVE,OPERATIONAL,2026-09-13 12:18:53 UTC,MASTER_OSINT_CONSOLIDATED_SHEET.csv,Graph node entity definitions
AST-105,entity_edges,Infrastructure & Repository Asset,BigQuery Table,LIVE,noble-beanbag-497411-m4.national_audits.entity_edges,BigQuery,GitHub / Azure / Cloud Shell,System Topology,N/A,LIVE,OPERATIONAL,2026-09-13 12:18:53 UTC,MASTER_OSINT_CONSOLIDATED_SHEET.csv,Graph edge relationship definitions
AST-106,Forensic Audit Report,Infrastructure & Repository Asset,Audit Report,LIVE,Municipal Reconnaissance,https://github.com/Tonypost949/OsintNeoAi/blob/main/FORENSIC_AUDIT_REPORT.md,GitHub / Azure / Cloud Shell,System Topology,N/A,LIVE,OPERATIONAL,2026-09-13 12:18:53 UTC,MASTER_OSINT_CONSOLIDATED_SHEET.csv,438 exposed endpoints & 23 critical vulnerabilities (Scottsdale origin 208.109.36.19)
AST-107,Dehashed HBPD Scan,Infrastructure & Repository Asset,Audit Report,LIVE,Breach Analysis,https://github.com/Tonypost949/OsintNeoAi/blob/main/DEHASHED_HBPD_SCAN_REPORT.md,GitHub / Azure / Cloud Shell,System Topology,N/A,LIVE,OPERATIONAL,2026-09-13 12:18:53 UTC,MASTER_OSINT_CONSOLIDATED_SHEET.csv,400 compromised employee listings & login credentials
AST-108,HBPD Port Scan,Infrastructure & Repository Asset,Audit Report,LIVE,Network Security,https://github.com/Tonypost949/OsintNeoAi/blob/main/HBPD_PORT_SCAN_REPORT.md,GitHub / Azure / Cloud Shell,System Topology,N/A,LIVE,OPERATIONAL,2026-09-13 12:18:53 UTC,MASTER_OSINT_CONSOLIDATED_SHEET.csv,41 open TCP ports on hbpd.org (RPC/SMB
AST-109,15 SWIFT LLC,Infrastructure & Repository Asset,Entity Record,ACTIVE,CA File #201415510595,https://github.com/Tonypost949/OsintNeoAi/blob/main/15_SWIFT_LLC_OWNERSHIP_FINDINGS.md,GitHub / Azure / Cloud Shell,System Topology,N/A,ACTIVE,OPERATIONAL,2026-09-13 12:18:53 UTC,MASTER_OSINT_CONSOLIDATED_SHEET.csv,Agent Thanh Nguyen co-indicted with fugitive Peter Anh Pham in COVID fraud
